路線名稱,方向性,站序,站牌名稱,緯度,經度
礁溪線-A線,去程,1,臺鐵礁溪站,24.8272,121.775117
礁溪線-A線,去程,2,礁溪轉運站,24.83101,121.7777
礁溪線-A線,去程,3,礁溪溫泉公園(溫泉遊客中心),24.830951,121.775563
礁溪線-A線,去程,4,湯圍溝公園,24.829013,121.769328
礁溪線-A線,去程,5,跑馬古道公園,24.82796,121.76639
礁溪線-A線,去程,6,跑馬古道,24.82731665,121.762542
礁溪線-A線,去程,7,老爺得天公園,24.8285012,121.7559255
礁溪線-A線,去程,8,五峰旗風景特定區,24.8297908,121.7519267
礁溪線-A線,去程,9,老爺得天公園,24.8285096,121.7559447
礁溪線-A線,去程,10,跑馬古道,24.827328,121.762391
礁溪線-A線,去程,11,李寶興圳,24.821294,121.756155
礁溪線-A線,去程,12,林美社區遊客中心,24.817819,121.750155
礁溪線-A線,去程,13,林美石磐步道,24.820159,121.734059
礁溪線-A線,去程,14,佛光大學,24.817174,121.731162
礁溪線-A線,去程,15,曼陀羅滴水坊,24.814973,121.726877
礁溪線-A線,去程,16,佛光大學雲來集,24.816906,121.724267
礁溪線-A線,去程,17,佛光大學雲起樓,24.81646,121.72194
礁溪線-A線,回程,1,佛光大學雲起樓,24.81646,121.72194
礁溪線-A線,回程,2,佛光大學雲來集,24.817103,121.724071
礁溪線-A線,回程,3,曼陀羅滴水坊,24.814973,121.726877
礁溪線-A線,回程,4,佛光大學,24.817174,121.731162
礁溪線-A線,回程,5,林美石磐步道,24.820159,121.734059
礁溪線-A線,回程,6,林美社區遊客中心,24.817755,121.750313
礁溪線-A線,回程,7,李寶興圳,24.821294,121.756155
礁溪線-A線,回程,8,跑馬古道,24.827327,121.762394
礁溪線-A線,回程,9,老爺得天公園,24.828515,121.755941
礁溪線-A線,回程,10,五峰旗風景特定區,24.8297908,121.7519267
礁溪線-A線,回程,11,老爺得天公園,24.8285012,121.7559255
礁溪線-A線,回程,12,跑馬古道,24.82731665,121.762542
礁溪線-A線,回程,13,跑馬古道公園,24.82796,121.76639
礁溪線-A線,回程,14,湯圍溝公園,24.828882,121.769581
礁溪線-A線,回程,15,礁溪溫泉公園(溫泉遊客中心),24.830897,121.775652
礁溪線-A線,回程,16,礁溪轉運站,24.83101,121.7777
礁溪線-A線,回程,17,臺鐵礁溪站,24.8272,121.775117
冬山河線,去程,1,羅東運動公園,24.68208,121.75154
冬山河線,去程,2,北城公園(觀天下),24.67913,121.75586
冬山河線,去程,3,羅東運動公園自行車道（羅東高中）,24.68028,121.76196
冬山河線,去程,4,羅東夜市（公正國小）,24.6795,121.76653
冬山河線,去程,5,羅東林業文化園區,24.68046,121.77109
冬山河線,去程,6,羅東後火車站,24.67806,121.77533
冬山河線,去程,7,羅東轉運站,24.67728,121.77891
冬山河線,去程,8,慈濟精舍,24.682836,121.785569
冬山河線,去程,9,五結市中心,24.684383,121.798014
冬山河線,去程,10,冬山河親水公園,24.6724,121.81145
冬山河線,去程,11,青仔地,24.668153,121.8155373
冬山河線,去程,12,利澤老街,24.6683,121.82192
冬山河線,去程,13,新水休閒養殖漁業示範區,24.678812,121.8273
冬山河線,去程,14,國立傳統藝術中心,24.68805,121.82548
冬山河線,回程,1,國立傳統藝術中心,24.68805,121.82548
冬山河線,回程,2,新水休閒養殖漁業示範區,24.678812,121.8273
冬山河線,回程,3,利澤老街,24.6683,121.82192
冬山河線,回程,4,青仔地,24.668153,121.8155373
冬山河線,回程,5,冬山河親水公園,24.67223789,121.8116215
冬山河線,回程,6,五結市中心,24.68441,121.79815
冬山河線,回程,7,慈濟精舍,24.68292,121.78568
冬山河線,回程,8,羅東後火車站,24.67806,121.77533
冬山河線,回程,9,羅東轉運站,24.67728,121.77891
冬山河線,回程,10,羅東林業文化園區,24.6806,121.77106
冬山河線,回程,11,羅東夜市（公正國小）,24.67946,121.76672
冬山河線,回程,12,羅東運動公園自行車道（羅東高中）,24.68069,121.76194
冬山河線,回程,13,北城公園,24.67939,121.75584
冬山河線,回程,14,羅東運動公園,24.68208,121.75154
獅山線,去程,1,臺鐵竹北站,24.8399,121.00944
獅山線,去程,2,竹北口,24.837869,121.005075
獅山線,去程,3,新竹縣政府,24.82598,121.01165
獅山線,去程,4,新竹喜來登飯店,24.8203,121.02702
獅山線,去程,5,高鐵新竹站,24.8072,121.04039
獅山線,去程,6,綠獅社區站,24.783927,121.074413
獅山線,去程,7,文林閣站,24.772332,121.083356
獅山線,去程,8,飛鳳山(僅假日停靠),24.763818,121.0888153
獅山線,去程,9,竹東火車站,24.7383074,121.0947845
獅山線,去程,10,綠世界生態農場,24.712393,121.070393
獅山線,去程,11,膨風茶文物館,24.708434,121.067503
獅山線,去程,12,北埔老街,24.700768,121.055779
獅山線,去程,13,峨眉站,24.686607,121.017662
獅山線,去程,14,八仙橋,24.658249,121.021039
獅山線,去程,15,獅山遊客中心,24.655721,121.022928
獅山線,回程,1,獅山遊客中心,24.655836,121.022957
獅山線,回程,2,八仙橋,24.65825159,121.0209455
獅山線,回程,3,峨眉站,24.686541,121.017624
獅山線,回程,4,北埔老街,24.70071,121.055428
獅山線,回程,5,膨風茶文物館,24.708254,121.067678
獅山線,回程,6,綠世界生態農場,24.712418,121.070452
獅山線,回程,7,竹東火車站,24.7383074,121.0947845
獅山線,回程,8,飛鳳山(僅假日停靠),24.763818,121.0888153
獅山線,回程,9,恩霖堂站,24.77437469,121.0819488
獅山線,回程,10,綠獅社區站,24.783888,121.07459
獅山線,回程,11,高鐵新竹站,24.8072,121.04039
獅山線,回程,12,新竹喜來登飯店,24.820089,121.027186
獅山線,回程,13,新竹縣政府,24.82573,121.01277
獅山線,回程,14,竹北口,24.837795,121.00523
獅山線,回程,15,臺鐵竹北站,24.8399,121.00944
南庄線,去程,1,臺鐵竹南站(東出口),24.686,120.882
南庄線,去程,2,苗北藝文中心,24.69053,120.886
南庄線,去程,3,尚順廣場(頭份國中),24.69088,120.90223
南庄線,去程,4,苗栗客運(頭份總站),24.686131,120.910378
南庄線,去程,5,頭份後花園(上斗)),24.68045,120.9465
南庄線,去程,6,三灣,24.65405,120.95611
南庄線,去程,7,獅頭山古道口站,24.63753,121.00469
南庄線,去程,8,龍門口站(勸化堂),24.63462,121.01188
南庄線,去程,9,桂竹林,24.61651,121.0071
南庄線,去程,10,南庄國中,24.6043,121.00082
南庄線,去程,11,南庄,24.59835,120.99797
南庄線,去程,12,南庄遊客中心,24.59836,120.99983
南庄線,回程,1,南庄遊客中心,24.59833,120.99988
南庄線,回程,2,南庄,24.59973,120.9987
南庄線,回程,3,南庄國中,24.60401,121.00085
南庄線,回程,4,桂竹林,24.61643,121.00709
南庄線,回程,5,龍門口站(勸化堂),24.63462,121.01192
南庄線,回程,6,獅頭山古道口站,24.63766,121.00483
南庄線,回程,7,三灣,24.653972,120.956287
南庄線,回程,8,頭份後花園(上斗)),24.68058,120.94661
南庄線,回程,9,苗栗客運(頭份總站),24.686131,120.910378
南庄線,回程,10,尚順廣場(頭份國中),24.69109,120.90211
南庄線,回程,11,苗北藝文中心,24.69084,120.88614
南庄線,回程,12,臺鐵竹南站(東出口),24.6862,120.8819
日月潭線,去程,1,台中航空站,24.252927,120.59871
日月潭線,去程,2,臺中干城站,24.1411,120.68561
日月潭線,去程,3,臺中車站(民族路口),24.136337,120.683035
日月潭線,去程,4,民興公園(執行分署),24.128251,120.664366
日月潭線,去程,5,捷運大慶站,24.11925,120.64762
日月潭線,去程,6,高鐵臺中站,24.11105,120.6165
日月潭線,去程,7,埔里遊客中心,23.969105,120.930719
日月潭線,去程,8,牛耳石雕公園,23.96634676,120.9439983
日月潭線,去程,9,崎下,23.97099,120.94883
日月潭線,去程,10,大成國小,23.97031,120.95145
日月潭線,去程,11,榮民醫院,23.969013,120.956782
日月潭線,去程,12,埔里酒廠,23.968064,120.96009
日月潭線,去程,13,仁愛公園,23.96720745,1234120.964
日月潭線,去程,14,中台禪寺,24.011742,120.945687
日月潭線,去程,15,中台世界博物館,24.015288,120.949517
日月潭線,去程,16,埔里花卉中心,23.985914,120.958655
日月潭線,去程,17,埔里轉運站,23.96352,120.96915
日月潭線,去程,18,暨南大學(校內),23.94992,120.93812
日月潭線,去程,19,暨南大學(校外),23.94906,120.93771
日月潭線,去程,20,桃米坑(紙教堂),23.94224,120.9296
日月潭線,去程,21,大雁(澀水社區),23.91859,120.92558
日月潭線,去程,22,新城國小,23.905766,120.926793
日月潭線,去程,23,三育神學院,23.900566,120.931581
日月潭線,去程,24,經典驛棧,23.892555,120.940958
日月潭線,去程,25,晶園渡假村,23.879025,120.942188
日月潭線,去程,26,九族文化村(部分班次停靠),23.87151,120.94418
日月潭線,去程,27,魚池,23.89649,120.93507
日月潭線,去程,28,日月老茶場,23.89328,120.92449
日月潭線,去程,29,日月潭,23.86661,120.91129
日月潭線,去程,30,水社,23.86703,120.90255
日月潭線,去程,31,向山行政中心(部分班次停靠),23.85219,120.90133
日月潭線,回程,1,向山行政中心(部分班次停靠),23.852286,120.901454
日月潭線,回程,2,水社,23.867157,120.90269
日月潭線,回程,3,日月潭,23.86661,120.91129
日月潭線,回程,4,日月老茶場,23.89328,120.92449
日月潭線,回程,5,魚池,23.89649,120.93507
日月潭線,回程,6,九族文化村(部分班次停靠),23.87151,120.94418
日月潭線,回程,7,晶園渡假村,23.87908,120.94228
日月潭線,回程,8,經典驛棧,23.892643,120.940992
日月潭線,回程,9,三育神學院,23.900413,120.932657
日月潭線,回程,10,新城國小,23.90584,120.92683
日月潭線,回程,11,大雁(澀水社區),23.91859,120.92558
日月潭線,回程,12,桃米坑(紙教堂),23.94224,120.9296
日月潭線,回程,13,暨南大學(校外),23.94906,120.93771
日月潭線,回程,14,暨南大學(校內),23.94992,120.93812
日月潭線,回程,15,埔里轉運站,23.96352,120.96915
日月潭線,回程,16,埔里花卉中心,23.986093,120.958692
日月潭線,回程,17,中台世界博物館,24.015288,120.949517
日月潭線,回程,18,中台禪寺,24.011795,120.945614
日月潭線,回程,19,仁愛公園,NULL,NULL
日月潭線,回程,20,埔里酒廠,23.967922,120.960787
日月潭線,回程,21,榮民醫院,23.969013,120.956782
日月潭線,回程,22,大成國小,23.970303,120.951851
日月潭線,回程,23,崎下,23.971173,120.948521
日月潭線,回程,24,牛耳石雕公園,23.96634676,120.9439983
日月潭線,回程,25,埔里遊客中心,23.969525,120.930441
日月潭線,回程,26,高鐵臺中站,24.11105,120.6165
日月潭線,回程,27,捷運大慶站,24.11925,120.64762
日月潭線,回程,28,民興公園(執行分署),24.12901,120.66654
日月潭線,回程,29,臺中車站(民族路口),24.136337,120.683035
日月潭線,回程,30,臺中干城站,24.1411,120.68561
日月潭線,回程,31,台中航空站,24.252927,120.59871
溪頭線-台中出發,去程,1,臺中干城站,24.141928,120.685758
溪頭線-台中出發,去程,2,臺中車站(民族路口),24.136393,120.682989
溪頭線-台中出發,去程,3,民興公園(執行分署),24.12814,120.664
溪頭線-台中出發,去程,4,捷運大慶站(建國北路),24.119098,120.647309
溪頭線-台中出發,去程,5,高鐵臺中站,24.111044,120.616499
溪頭線-台中出發,去程,6,車籠埔斷層保存園區,23.794647,120.710749
溪頭線-台中出發,去程,7,倉庫前(竹山交流道),23.79357,120.70979
溪頭線-台中出發,去程,8,竹山工業區服務中心,23.76833,120.70462
溪頭線-台中出發,去程,9,初鄉,23.765271,120.735241
溪頭線-台中出發,去程,10,中興蜂場,23.752613,120.746566
溪頭線-台中出發,去程,11,鹿彰,23.745273,120.752645
溪頭線-台中出發,去程,12,鹿谷鄉農會茶業中心,23.74136,120.75716
溪頭線-台中出發,去程,13,廣興,23.737482,120.761889
溪頭線-台中出發,去程,14,內湖,23.720355,120.778196
溪頭線-台中出發,去程,15,內湖國小,23.712713,120.780256
溪頭線-台中出發,去程,16,彎坑,23.688731,120.790844
溪頭線-台中出發,去程,17,米堤,23.68563,120.79343
溪頭線-台中出發,去程,18,下溪頭,23.6786733,120.7945537
溪頭線-台中出發,去程,19,溪頭(溪頭自然教育園區),23.673038,120.795647
溪頭線-台中出發,去程,20,杉林溪(部分班次停靠),23.639515,120.791779
溪頭線-台中出發,回程,1,杉林溪(部分班次停靠),23.639515,120.791779
溪頭線-台中出發,回程,2,溪頭(溪頭自然教育園區),23.673038,120.795647
溪頭線-台中出發,回程,3,下溪頭,23.6786733,120.7945537
溪頭線-台中出發,回程,4,米堤,23.685636,120.793456
溪頭線-台中出發,回程,5,彎坑,23.688769,120.790938
溪頭線-台中出發,回程,6,內湖國小,23.712771,120.780211
溪頭線-台中出發,回程,7,內湖,23.720039,120.77844
溪頭線-台中出發,回程,8,廣興,23.738309,120.760661
溪頭線-台中出發,回程,9,鹿谷鄉農會茶業中心,23.74142,120.75735
溪頭線-台中出發,回程,10,鹿彰,23.745806,120.752338
溪頭線-台中出發,回程,11,中興蜂場,23.752937,120.746374
溪頭線-台中出發,回程,12,初鄉,23.765759,120.735159
溪頭線-台中出發,回程,13,竹山工業區服務中心,23.76812,120.70469
溪頭線-台中出發,回程,14,倉庫前(竹山交流道),23.79257,120.70943
溪頭線-台中出發,回程,15,車籠埔斷層保存園區,23.794647,120.710749
溪頭線-台中出發,回程,16,高鐵臺中站,24.111044,120.616499
溪頭線-台中出發,回程,17,捷運大慶站(建國北路),24.119179,120.647945
溪頭線-台中出發,回程,18,五權車站,24.12901,120.66654
溪頭線-台中出發,回程,19,臺中車站(民族路口),24.136484,120.683855
溪頭線-台中出發,回程,20,臺中干城站,24.141928,120.685758
阿里山線-A線(高鐵出發)部分班次經奮起湖,去程,1,高鐵嘉義站,23.458638,120.322888
阿里山線-A線(高鐵出發)部分班次經奮起湖,去程,2,頂六國小,23.44599,120.49433
阿里山線-A線(高鐵出發)部分班次經奮起湖,去程,3,吳鳳廟,23.44366,120.54222
阿里山線-A線(高鐵出發)部分班次經奮起湖,去程,4,觸口遊客中心,23.44591,120.58388
阿里山線-A線(高鐵出發)部分班次經奮起湖,去程,5,愛情大草原,23.44368,120.59122
阿里山線-A線(高鐵出發)部分班次經奮起湖,去程,6,觸口,23.43915,120.60455
阿里山線-A線(高鐵出發)部分班次經奮起湖,去程,7,公興森態園區(竹湖路口),23.4166449,120.6446766
阿里山線-A線(高鐵出發)部分班次經奮起湖,去程,8,龍美,23.40651,120.65047
阿里山線-A線(高鐵出發)部分班次經奮起湖,去程,9,二延平步道(鞍頂),23.41723283,120.6507501
阿里山線-A線(高鐵出發)部分班次經奮起湖,去程,10,隙頂,23.429377,120.660155
阿里山線-A線(高鐵出發)部分班次經奮起湖,去程,11,巃頭坪,23.44341,120.67266
阿里山線-A線(高鐵出發)部分班次經奮起湖,去程,12,石棹,23.47311,120.69733
阿里山線-A線(高鐵出發)部分班次經奮起湖,去程,13,奮起湖,23.50605,120.69
阿里山線-A線(高鐵出發)部分班次經奮起湖,去程,14,十字村,23.49199,120.75455
阿里山線-A線(高鐵出發)部分班次經奮起湖,去程,15,青年活動中心,23.50027,120.79355
阿里山線-A線(高鐵出發)部分班次經奮起湖,去程,16,阿里山,23.50833,120.80138
阿里山線-A線(高鐵出發)部分班次經奮起湖,回程,1,阿里山,23.50833,120.80138
阿里山線-A線(高鐵出發)部分班次經奮起湖,回程,2,青年活動中心,23.50027,120.79355
阿里山線-A線(高鐵出發)部分班次經奮起湖,回程,3,十字村,23.49226,120.75477
阿里山線-A線(高鐵出發)部分班次經奮起湖,回程,4,奮起湖,23.50605,120.69
阿里山線-A線(高鐵出發)部分班次經奮起湖,回程,5,石棹,23.47311,120.69733
阿里山線-A線(高鐵出發)部分班次經奮起湖,回程,6,巃頭坪,23.44344,120.67252
阿里山線-A線(高鐵出發)部分班次經奮起湖,回程,7,隙頂,23.429377,120.660155
阿里山線-A線(高鐵出發)部分班次經奮起湖,回程,8,二延平步道(鞍頂),23.41733858,120.6506488
阿里山線-A線(高鐵出發)部分班次經奮起湖,回程,9,龍美,23.406666,120.649922
阿里山線-A線(高鐵出發)部分班次經奮起湖,回程,10,公興森態園區(竹湖路口),23.41668954,120.6444788
阿里山線-A線(高鐵出發)部分班次經奮起湖,回程,11,觸口,23.43915,120.60455
阿里山線-A線(高鐵出發)部分班次經奮起湖,回程,12,愛情大草原,23.44368,120.59122
阿里山線-A線(高鐵出發)部分班次經奮起湖,回程,13,觸口遊客中心,23.44591,120.58388
阿里山線-A線(高鐵出發)部分班次經奮起湖,回程,14,吳鳳廟,23.44366,120.54222
阿里山線-A線(高鐵出發)部分班次經奮起湖,回程,15,頂六國小,23.44599,120.49433
阿里山線-A線(高鐵出發)部分班次經奮起湖,回程,16,故宮南院站,23.470145,120.294933
阿里山線-A線(高鐵出發)部分班次經奮起湖,回程,17,高鐵嘉義站,23.458638,120.322888
阿里山線-B線(臺鐵出發)部分班次經奮起湖,去程,1,大雅總站,23.47667,120.46526
阿里山線-B線(臺鐵出發)部分班次經奮起湖,去程,2,臺鐵嘉義站,23.478755,120.441611
阿里山線-B線(臺鐵出發)部分班次經奮起湖,去程,3,頂六國小,23.44599,120.49433
阿里山線-B線(臺鐵出發)部分班次經奮起湖,去程,4,吳鳳廟,23.44366,120.54222
阿里山線-B線(臺鐵出發)部分班次經奮起湖,去程,5,觸口遊客中心,23.44591,120.58388
阿里山線-B線(臺鐵出發)部分班次經奮起湖,去程,6,愛情大草原,23.44368,120.59122
阿里山線-B線(臺鐵出發)部分班次經奮起湖,去程,7,觸口,23.43915,120.60455
阿里山線-B線(臺鐵出發)部分班次經奮起湖,去程,8,公興森態園區(竹湖路口),23.4166449,120.6446766
阿里山線-B線(臺鐵出發)部分班次經奮起湖,去程,9,龍美,23.40651,120.65047
阿里山線-B線(臺鐵出發)部分班次經奮起湖,去程,10,二延平步道(鞍頂),23.41723283,120.6507501
阿里山線-B線(臺鐵出發)部分班次經奮起湖,去程,11,隙頂,23.429377,120.660155
阿里山線-B線(臺鐵出發)部分班次經奮起湖,去程,12,巃頭坪,23.44341,120.67266
阿里山線-B線(臺鐵出發)部分班次經奮起湖,去程,13,石棹,23.47311,120.69733
阿里山線-B線(臺鐵出發)部分班次經奮起湖,去程,14,奮起湖,23.50605,120.69
阿里山線-B線(臺鐵出發)部分班次經奮起湖,去程,15,十字村,23.49199,120.75455
阿里山線-B線(臺鐵出發)部分班次經奮起湖,去程,16,青年活動中心,23.50027,120.79355
阿里山線-B線(臺鐵出發)部分班次經奮起湖,去程,17,阿里山轉運站,23.50833,120.80138
阿里山線-B線(臺鐵出發)部分班次經奮起湖,回程,1,阿里山轉運站,23.50833,120.80138
阿里山線-B線(臺鐵出發)部分班次經奮起湖,回程,2,青年活動中心,23.50027,120.79355
阿里山線-B線(臺鐵出發)部分班次經奮起湖,回程,3,十字村,23.49226,120.75477
阿里山線-B線(臺鐵出發)部分班次經奮起湖,回程,4,奮起湖,23.50605,120.69
阿里山線-B線(臺鐵出發)部分班次經奮起湖,回程,5,石棹,23.47311,120.69733
阿里山線-B線(臺鐵出發)部分班次經奮起湖,回程,6,巃頭坪,23.44344,120.67252
阿里山線-B線(臺鐵出發)部分班次經奮起湖,回程,7,隙頂,23.429377,120.660155
阿里山線-B線(臺鐵出發)部分班次經奮起湖,回程,8,二延平步道(鞍頂),23.41733858,120.6506488
阿里山線-B線(臺鐵出發)部分班次經奮起湖,回程,9,龍美,23.406666,120.649922
阿里山線-B線(臺鐵出發)部分班次經奮起湖,回程,10,公興森態園區(竹湖路口),23.41668954,120.6444788
阿里山線-B線(臺鐵出發)部分班次經奮起湖,回程,11,觸口,23.43915,120.60455
阿里山線-B線(臺鐵出發)部分班次經奮起湖,回程,12,愛情大草原,23.44368,120.59122
阿里山線-B線(臺鐵出發)部分班次經奮起湖,回程,13,觸口遊客中心,23.44591,120.58388
阿里山線-B線(臺鐵出發)部分班次經奮起湖,回程,14,吳鳳廟,23.44366,120.54222
阿里山線-B線(臺鐵出發)部分班次經奮起湖,回程,15,頂六國小,23.44599,120.49433
阿里山線-B線(臺鐵出發)部分班次經奮起湖,回程,16,臺鐵嘉義站,23.47773,120.44088
阿里山線-B線(臺鐵出發)部分班次經奮起湖,回程,17,大雅總站,23.47667,120.46526
墾丁快線,去程,1,高鐵左營站,22.686938,120.308618
墾丁快線,去程,2,枋寮站,22.3676,120.59393
墾丁快線,去程,3,車城農會,22.07236,120.71395
墾丁快線,去程,4,海生館轉乘站,22.05313,120.72199
墾丁快線,去程,5,恆春轉運站,22.002389,120.745261
墾丁快線,去程,6,南灣,21.95995,120.76482
墾丁快線,去程,7,墾丁牌樓,21.945908,120.794955
墾丁快線,去程,8,墾丁派出所,21.945034,120.799363
墾丁快線,去程,9,小灣(墾丁),21.94182,120.80543
墾丁快線,回程,1,小灣(墾丁),21.94182,120.80543
墾丁快線,回程,2,墾丁派出所,21.94519,120.799389
墾丁快線,回程,3,墾丁牌樓,21.945984,120.795506
墾丁快線,回程,4,南灣,21.95995,120.76482
墾丁快線,回程,5,恆春轉運站,22.002389,120.745261
墾丁快線,回程,6,海生館轉乘站,22.05316,120.72225
墾丁快線,回程,7,車城農會,22.0716,120.71403
墾丁快線,回程,8,枋寮站,22.367118,120.594346
墾丁快線,回程,9,高鐵左營站,22.686938,120.308618
縱谷鹿野線(郵輪式公車),去程,1,臺東轉運站,22.751706,121.147869
縱谷鹿野線(郵輪式公車),去程,2,公教會館,22.755512,121.144767
縱谷鹿野線(郵輪式公車),去程,3,娜路彎大酒店,22.77027,121.12166
縱谷鹿野線(郵輪式公車),去程,4,臺東火車站,22.79282,121.12345
縱谷鹿野線(郵輪式公車),去程,5,卑南遺址公園,22.7915,121.121306
縱谷鹿野線(郵輪式公車),去程,6,原生應用植物園,121.10381,22.853872
縱谷鹿野線(郵輪式公車),去程,7,四維,22.897305,121.095506
縱谷鹿野線(郵輪式公車),去程,8,鹿野高台,22.913,121.119444
縱谷鹿野線(郵輪式公車),回程,1,鹿野高台,22.913,121.119444
縱谷鹿野線(郵輪式公車),回程,2,鹿野遊客中心,22.924361,121.124167
縱谷鹿野線(郵輪式公車),回程,3,四維,22.89723,121.09527
縱谷鹿野線(郵輪式公車),回程,4,臺東火車站,22.79282,121.12345
縱谷鹿野線(郵輪式公車),回程,5,娜路彎大酒店,22.77111,121.12194
縱谷鹿野線(郵輪式公車),回程,6,公教會館,22.75562,121.14474
縱谷鹿野線(郵輪式公車),回程,7,臺東轉運站,22.75285,121.147647
黃金福隆線,去程,1,區民廣場,25.107583,121.808306
黃金福隆線,去程,2,九份派出所,25.109653,121.842945
黃金福隆線,去程,3,九份老街,25.110361,121.845722
黃金福隆線,去程,4,金瓜石(黃金博物館),25.108472,121.856083
黃金福隆線,去程,5,瓜山國小(戰俘營),25.111308,121.856874
黃金福隆線,去程,6,黃金瀑布,25.11781,121.86158
黃金福隆線,去程,7,茹川橋,25.120201,121.861916
黃金福隆線,去程,8,水湳洞,25.122222,121.863833
黃金福隆線,去程,9,南雅南新宮,25.120694,121.888
黃金福隆線,去程,10,鼻頭角,25.121528,121.916806
黃金福隆線,去程,11,龍洞灣公園,25.117639,121.916056
黃金福隆線,去程,12,龍洞港,25.110944,121.915861
黃金福隆線,去程,13,龍洞南口海洋公園(龍洞四季灣),25.099722,121.916944
黃金福隆線,去程,14,金沙灣,25.07472,121.915662
黃金福隆線,去程,15,澳底,25.054389,121.924083
黃金福隆線,去程,16,鹽寮,25.041583,121.925889
黃金福隆線,去程,17,龍門,25.02728,121.92702
黃金福隆線,去程,18,福隆,25.0166667,121.9447027
黃金福隆線,去程,19,小香蘭,25.024579,121.97195
黃金福隆線,去程,20,大香蘭,25.02127,121.9844
黃金福隆線,去程,21,卯澳,25.01328,121.98815
黃金福隆線,去程,22,佛祖廟,25.01148,121.9922
黃金福隆線,去程,23,馬崗(三貂角燈塔),25.011394,122.001838
黃金福隆線,回程,1,馬崗(三貂角燈塔),25.011394,122.001838
黃金福隆線,回程,2,佛祖廟,25.01157,121.99205
黃金福隆線,回程,3,卯澳,25.01325,121.98789
黃金福隆線,回程,4,大香蘭,25.02147,121.98423
黃金福隆線,回程,5,小香蘭,25.024735,121.97207
黃金福隆線,回程,6,福隆遊客中心,25.016917,121.94275
黃金福隆線,回程,7,龍門,25.02728,121.92702
黃金福隆線,回程,8,鹽寮,25.041806,121.926111
黃金福隆線,回程,9,澳底,25.054611,121.924306
黃金福隆線,回程,10,金沙灣,25.074866,121.915504
黃金福隆線,回程,11,龍洞南口海洋公園(龍洞四季灣),25.100056,121.917222
黃金福隆線,回程,12,龍洞港,25.111056,121.915861
黃金福隆線,回程,13,龍洞灣公園,25.1175,121.916194
黃金福隆線,回程,14,鼻頭角,25.121694,121.916806
黃金福隆線,回程,15,南雅南新宮,25.120833,121.888028
黃金福隆線,回程,16,水湳洞,25.122194,121.863583
黃金福隆線,回程,17,茹川橋,25.119882,121.861835
黃金福隆線,回程,18,黃金瀑布,25.11781,121.86158
黃金福隆線,回程,19,瓜山國小(戰俘營),25.1114,121.85674
黃金福隆線,回程,20,金瓜石(黃金博物館),25.108361,121.855944
黃金福隆線,回程,21,九份老街,25.110361,121.845722
黃金福隆線,回程,22,九份派出所,25.10951,121.842632
黃金福隆線,回程,23,區民廣場,25.107778,121.807944
鹿港祈福線,去程,1,高鐵台中站,24.111044,120.616499
鹿港祈福線,去程,2,彰化縣原住民生活館(彰師大、台塑生醫健康悠遊館),24.086509,120.559759
鹿港祈福線,去程,3,彰化火車站(彰化客運彰化站),24.081622,120.539383
鹿港祈福線,去程,4,縣立圖書館 (八卦山大佛風景區),24.077343,120.544172
鹿港祈福線,去程,5,彰化縣政府,24.07605,120.54388
鹿港祈福線,去程,6,福興鄉農會,24.049901,120.439567
鹿港祈福線,去程,7,鹿港乘車處 (彰化客運鹿港站),24.059977,120.43645
鹿港祈福線,去程,8,勞教學苑(亞太鹿港渡假村),24.063486,120.43542
鹿港祈福線,去程,9,彰濱秀傳健康園區,24.078118,120.412811
鹿港祈福線,去程,10,卷木森活館,24.079482,120.412508
鹿港祈福線,去程,11,白蘭氏健康博物館,24.077403,120.400845
鹿港祈福線,去程,12,縉陽織帶文化園區 (緞帶王觀光工廠),24.077032,120.394841
鹿港祈福線,去程,13,台明將台灣玻璃館,24.068899,120.395713
鹿港祈福線,回程,1,台明將台灣玻璃館,24.068899,120.395713
鹿港祈福線,回程,2,縉陽織帶文化園區 (緞帶王觀光工廠),24.076939,120.39476
鹿港祈福線,回程,3,卷木森活館,24.079401,120.412508
鹿港祈福線,回程,4,彰濱秀傳健康園區,24.078117,120.412743
鹿港祈福線,回程,5,勞教學苑(亞太鹿港渡假村),24.063672,120.435448
鹿港祈福線,回程,6,鹿港乘車處 (彰化客運鹿港站),24.060175,120.436259
鹿港祈福線,回程,7,福興鄉農會,24.050321,120.439348
鹿港祈福線,回程,8,彰化縣政府,24.075736,120.54409
鹿港祈福線,回程,9,縣立圖書館 (八卦山大佛風景區),24.078836,120.545001
鹿港祈福線,回程,10,彰化火車站 (彰化客運彰化站),24.081622,120.539383
鹿港祈福線,回程,11,彰化縣原住民生活館(彰師大、台塑生醫健康悠遊館),24.086534,120.560084
鹿港祈福線,回程,12,高鐵台中站,24.111044,120.616499
皇冠北海岸線,去程,1,捷運淡水站,25.1685,121.44569
皇冠北海岸線,去程,2,中山濱海路口 (輕軌淡水行政中心),25.18863,121.44409
皇冠北海岸線,去程,3,大崛(淺水灣),25.2505,121.46914
皇冠北海岸線,去程,4,三芝遊客中心(名人文物館),25.24898,121.50765
皇冠北海岸線,去程,5,白沙灣遊客中心,25.28204,121.51973
皇冠北海岸線,去程,6,富基漁港(石門婚紗廣場),25.28741,121.53143
皇冠北海岸線,去程,7,富貴角燈塔(風藝術營區),25.292175,121.538334
皇冠北海岸線,去程,8,老梅(綠石槽),25.289171,121.545623
皇冠北海岸線,去程,9,石門洞,25.29534,121.56865
皇冠北海岸線,去程,10,中角灣,25.24067,121.63307
皇冠北海岸線,去程,11,基督教平安園,25.251222,121.616748
皇冠北海岸線,去程,12,筠園(金寶山園區),25.24794,121.60187
皇冠北海岸線,去程,13,朱銘美術館,25.2462,121.6113
皇冠北海岸線,去程,14,金山舊機場遺址(聖德宮/李芑豐古宅),25.23021,121.62087
皇冠北海岸線,去程,15,金山區公所(老街),25.2222,121.63702
皇冠北海岸線,去程,16,金山遊客中心(獅頭山公園),25.22357,121.6448
皇冠北海岸線,去程,17,加投里(溫泉區),25.21499,121.64381
皇冠北海岸線,去程,18,國聖埔(山海芳園),25.20077015,121.6777411
皇冠北海岸線,去程,19,野柳地質公園(野柳海洋世界),25.20484,121.69011
皇冠北海岸線,回程,1,野柳地質公園(野柳海洋世界),25.20483,121.69011
皇冠北海岸線,回程,2,國聖埔(山海芳園),25.20069734,121.6770464
皇冠北海岸線,回程,3,加投里(溫泉區),25.21507,121.64401
皇冠北海岸線,回程,4,金山遊客中心(獅頭山公園),25.22358,121.64479
皇冠北海岸線,回程,5,金山區公所(老街),25.22218,121.63705
皇冠北海岸線,回程,6,金山舊機場遺址(聖德宮/李芑豐古宅),25.23023,121.62102
皇冠北海岸線,回程,7,朱銘美術館,25.24626,121.61139
皇冠北海岸線,回程,8,筠園(金寶山園區),25.24794,121.60188
皇冠北海岸線,回程,9,基督教平安園,25.251028,121.6167
皇冠北海岸線,回程,10,中角灣,25.24089,121.63336
皇冠北海岸線,回程,11,石門洞,25.29492,121.56839
皇冠北海岸線,回程,12,老梅(綠石槽),25.289312,121.545671
皇冠北海岸線,回程,13,富貴角燈塔(風藝術營區),25.2922,121.538337
皇冠北海岸線,回程,14,富基漁港(石門婚紗廣場),25.28785,121.53167
皇冠北海岸線,回程,15,白沙灣遊客中心,25.28214,121.5196
皇冠北海岸線,回程,16,三芝遊客中心(名人文物館),25.24897,121.50766
皇冠北海岸線,回程,17,大崛(淺水灣),25.25088,121.46938
皇冠北海岸線,回程,18,中山濱海路口 (輕軌淡水行政中心),25.18833,121.44398
皇冠北海岸線,回程,19,捷運淡水站,25.16738,121.44656
木柵平溪線(往十分),去程,1,木柵捷運線(由木柵調度站發車),24.99801667,121.57445
木柵平溪線(往十分),去程,2,深坑老街,25.00135,121.6127
木柵平溪線(往十分),去程,3,雙溪口(可轉乘至石碇老街),25.00738333,121.6524167
木柵平溪線(往十分),去程,4,文山煤礦,25.010641,121.6750033
木柵平溪線(往十分),去程,5,姑娘廟,25.017,121.6987
木柵平溪線(往十分),去程,6,菁桐坑(菁桐老街),25.02225,121.7235
木柵平溪線(往十分),去程,7,平溪老街,25.02448333,121.7387
木柵平溪線(往十分),去程,8,田子(臺鐵嶺腳站),25.02748333,121.7454833
木柵平溪線(往十分),去程,9,慶和站(臺鐵望古站),25.03346667,121.7634667
木柵平溪線(往十分),去程,10,十分老街,25.0451,121.7799833
木柵平溪線(往十分),去程,11,十分遊客中心(十分瀑布),25.047149,121.782723
木柵平溪線(往十分),回程,1,十分遊客中心(十分瀑布),25.047149,121.782723
木柵平溪線(往十分),回程,2,十分老街,25.0451,121.7799833
木柵平溪線(往十分),回程,3,慶和站(臺鐵望古站),25.03346667,121.7634667
木柵平溪線(往十分),回程,4,田子(臺鐵嶺腳站),25.02748333,121.7454833
木柵平溪線(往十分),回程,5,平溪老街,25.02448333,121.7387
木柵平溪線(往十分),回程,6,菁桐坑(菁桐老街),25.02225,121.7235
木柵平溪線(往十分),回程,7,姑娘廟,25.017,121.6987
木柵平溪線(往十分),回程,8,文山煤礦,25.010641,121.6750033
木柵平溪線(往十分),回程,9,雙溪口(可轉乘至石碇老街),25.00738333,121.6524167
木柵平溪線(往十分),回程,10,深坑老街,25.00135,121.6127
木柵平溪線(往十分),回程,11,木柵捷運線,24.99801667,121.57445
小烏來線(假日行駛),去程,1,桃園客運桃園總站,24.98653,121.31402
小烏來線(假日行駛),去程,2,大湳站(G04,24.95891,121.29942
小烏來線(假日行駛),去程,3,梅花社區,24.94771,121.29773
小烏來線(假日行駛),去程,4,僑愛國小(金蘭醬油博物館),24.91994,121.29282
小烏來線(假日行駛),去程,5,崎頂(原住民文化會館),24.89814,121.28477
小烏來線(假日行駛),去程,6,大溪老街,24.88405,121.2891
小烏來線(假日行駛),去程,7,大溪站,24.88034,121.28962
小烏來線(假日行駛),去程,8,三層(打鐵寮古道),24.85896,121.29503
小烏來線(假日行駛),去程,9,經國紀念館(北橫遊客中心),24.84914,121.28547
小烏來線(假日行駛),去程,10,草嶺腳(富田農場),24.84275,121.28714
小烏來線(假日行駛),去程,11,慈湖,24.84051,121.29131
小烏來線(假日行駛),去程,12,湳溝(舊百吉隧道),24.830938,121.305838
小烏來線(假日行駛),去程,13,百吉(五路財神廟),24.82532,121.31062
小烏來線(假日行駛),去程,14,水流東(大溪老茶廠),24.83121,121.32924
小烏來線(假日行駛),去程,15,角板山公園,24.81838,121.35063
小烏來線(假日行駛),去程,16,小烏來天空步道,24.79099,121.37833
小烏來線(假日行駛),回程,1,小烏來天空步道,24.79099,121.37833
小烏來線(假日行駛),回程,2,角板山公園,24.821162,121.35242
小烏來線(假日行駛),回程,3,水流東(大溪老茶廠),24.83208,121.32913
小烏來線(假日行駛),回程,4,百吉(五路財神廟),24.825433,121.31083
小烏來線(假日行駛),回程,5,湳溝(舊百吉隧道),24.830938,121.305838
小烏來線(假日行駛),回程,6,慈湖,24.840169,121.292131
小烏來線(假日行駛),回程,7,草嶺腳(富田農場),24.84272,121.28726
小烏來線(假日行駛),回程,8,經國紀念館(北橫遊客中心),24.84914,121.28547
小烏來線(假日行駛),回程,9,三層(打鐵寮古道),24.8588,121.29506
小烏來線(假日行駛),回程,10,大溪站,24.879835,121.290382
小烏來線(假日行駛),回程,11,大溪老街,24.884125,121.289352
小烏來線(假日行駛),回程,12,崎頂(原住民文化會館),24.899,121.28432
小烏來線(假日行駛),回程,13,僑愛國小(金蘭醬油博物館),24.920082,121.292933
小烏來線(假日行駛),回程,14,梅花社區,24.944368,121.297479
小烏來線(假日行駛),回程,15,大湳站(G04,24.959096,121.299566
小烏來線(假日行駛),回程,16,桃園客運桃園總站,24.986639,121.314088
北投竹子湖線,去程,1,捷運北投站,25.132265,121.49798
北投竹子湖線,去程,2,北投溫泉博物館、梅庭、地熱谷(北投公園),25.136524,121.504321
北投竹子湖線,去程,3,硫磺谷(彌陀寺),25.143751,121.521459
北投竹子湖線,去程,4,陽明公園、花鐘(陽明公園服務中心),25.156659,121.53975
北投竹子湖線,去程,5,草山行館(陽明山立體停車場),25.154632,121.539109
北投竹子湖線,去程,6,公車轉乘站(陽明山),25.152315,121.547352
北投竹子湖線,去程,7,陽明山國家公園遊客中心(陽明山國家公園管理處),25.155537,121.545955
北投竹子湖線,去程,8,陽明書屋,25.163071,121.544852
北投竹子湖線,去程,9,竹子湖,25.172625,121.533392
北投竹子湖線,回程,1,竹子湖,25.172625,121.533392
北投竹子湖線,回程,2,陽明書屋,25.163071,121.544852
北投竹子湖線,回程,3,陽明山國家公園遊客中心(陽明山國家公園管理處),25.155537,121.545955
北投竹子湖線,回程,4,公車轉乘站(陽明山),25.152315,121.547352
北投竹子湖線,回程,5,草山行館(陽明山立體停車場),25.154632,121.539109
北投竹子湖線,回程,6,陽明公園、花鐘(陽明公園服務中心),25.156659,121.53975
北投竹子湖線,回程,7,硫磺谷(彌陀寺),25.143751,121.521459
北投竹子湖線,回程,8,北投溫泉博物館、梅庭、地熱谷(北投公園),25.136524,121.504321
北投竹子湖線,回程,9,捷運北投站,25.132265,121.49798
A線-水頭翟山線(郵輪式公車),去程,1,金城車站,24.43313228,118.320125
A線-水頭翟山線(郵輪式公車),去程,2,金城衛生所,24.436327,118.317647
A線-水頭翟山線(郵輪式公車),去程,3,西門里公所,24.4331,118.3145
A線-水頭翟山線(郵輪式公車),去程,4,體育館,24.4295,118.3155
A線-水頭翟山線(郵輪式公車),去程,5,莒光樓,24.425433,118.318122
A線-水頭翟山線(郵輪式公車),去程,7,空中大學,24.422525,118.31224
A線-水頭翟山線(郵輪式公車),去程,12,水頭聚落,24.411994,118.29708
A線-水頭翟山線(郵輪式公車),去程,13,明遺古街,24.403362,118.308393
A線-水頭翟山線(郵輪式公車),去程,14,文台寶塔,24.39865,118.306059
A線-水頭翟山線(郵輪式公車),去程,15,翟山坑道,24.3908,118.321
A線-水頭翟山線(郵輪式公車),去程,17,珠山,24.4028,118.319
A線-水頭翟山線(郵輪式公車),去程,21,金城車站,24.43313228,118.320125
A線-水頭翟山線(郵輪式公車),回程,1,金城車站,24.43313228,118.320125
A線-水頭翟山線(郵輪式公車),回程,2,金城衛生所,24.436327,118.317647
A線-水頭翟山線(郵輪式公車),回程,3,西門里公所,24.4331,118.3145
A線-水頭翟山線(郵輪式公車),回程,4,體育館,24.4295,118.3155
A線-水頭翟山線(郵輪式公車),回程,5,莒光樓,24.425433,118.318122
A線-水頭翟山線(郵輪式公車),回程,6,空中大學,24.422525,118.31224
A線-水頭翟山線(郵輪式公車),回程,7,水頭聚落,24.411994,118.29708
A線-水頭翟山線(郵輪式公車),回程,8,明遺古街,24.403362,118.308393
A線-水頭翟山線(郵輪式公車),回程,9,文台寶塔,24.39865,118.306059
A線-水頭翟山線(郵輪式公車),回程,10,翟山坑道,24.3908,118.321
A線-水頭翟山線(郵輪式公車),回程,11,珠山,24.4028,118.319
A線-水頭翟山線(郵輪式公車),回程,12,金城車站,24.43313228,118.320125
B線-古寧頭戰場線(郵輪式公車),去程,1,金城車站(金城車站金城民防坑道入口),24.433163,118.320061
B線-古寧頭戰場線(郵輪式公車),去程,3,體育館,24.4295,118.3155
B線-古寧頭戰場線(郵輪式公車),去程,4,西門里公所,24.433021,118.314375
B線-古寧頭戰場線(郵輪式公車),去程,5,金城民防坑道出口,24.4358,118.313034
B線-古寧頭戰場線(郵輪式公車),去程,6,金城衛生所,24.436327,118.317593
B線-古寧頭戰場線(郵輪式公車),去程,7,救國團,24.4396,118.3207
B線-古寧頭戰場線(郵輪式公車),去程,9,光前廟,24.468147,118.315802
B線-古寧頭戰場線(郵輪式公車),去程,11,和平紀念園區,24.475964,118.315976
B線-古寧頭戰場線(郵輪式公車),去程,12,北山洋樓,24.47879,118.312637
B線-古寧頭戰場線(郵輪式公車),去程,13,古寧頭戰史館,24.480919,118.316907
B線-古寧頭戰場線(郵輪式公車),去程,15,雙鯉濕地自然中心,24.47631,118.311296
B線-古寧頭戰場線(郵輪式公車),去程,16,慈湖三角堡、觀景台,24.464778,118.298528
B線-古寧頭戰場線(郵輪式公車),去程,21,金城車站,24.433163,118.320061
B線-古寧頭戰場線(郵輪式公車),回程,1,金城車站(金城車站金城民防坑道入口),24.433163,118.320061
B線-古寧頭戰場線(郵輪式公車),回程,2,體育館,24.4295,118.3155
B線-古寧頭戰場線(郵輪式公車),回程,3,西門里公所,24.433021,118.314375
B線-古寧頭戰場線(郵輪式公車),回程,4,金城民防坑道出口,24.4358,118.313034
B線-古寧頭戰場線(郵輪式公車),回程,5,金城衛生所,24.436327,118.317593
B線-古寧頭戰場線(郵輪式公車),回程,6,救國團,24.4396,118.3207
B線-古寧頭戰場線(郵輪式公車),回程,7,光前廟,24.468147,118.315802
B線-古寧頭戰場線(郵輪式公車),回程,8,和平紀念園區,24.475964,118.315976
B線-古寧頭戰場線(郵輪式公車),回程,9,北山洋樓,24.47879,118.312637
B線-古寧頭戰場線(郵輪式公車),回程,10,古寧頭戰史館,24.480919,118.316907
B線-古寧頭戰場線(郵輪式公車),回程,11,雙鯉濕地自然中心,24.47631,118.311296
B線-古寧頭戰場線(郵輪式公車),回程,12,慈湖三角堡、觀景台,24.464778,118.298528
B線-古寧頭戰場線(郵輪式公車),回程,13,金城車站,24.433163,118.320061
C線-獅山民俗村線(郵輪式公車，周一行駛),去程,1,(週一行駛)山外車站,24.4421,118.414
C線-獅山民俗村線(郵輪式公車，周一行駛),去程,2, 沙美老街,24.48946257,118.4134555
C線-獅山民俗村線(郵輪式公車，周一行駛),去程,3, 沙青路,24.491138,118.411205
C線-獅山民俗村線(郵輪式公車，周一行駛),去程,4, 馬山觀測所,24.52651,118.410044
C線-獅山民俗村線(郵輪式公車，周一行駛),去程,5, 獅山砲陣地,24.5036,118.434741
C線-獅山民俗村線(郵輪式公車，周一行駛),去程,6, 山后民俗文化村,24.5032,118.4412
C線-獅山民俗村線(郵輪式公車，周一行駛),去程,7, 迎賓館,24.448136,118.417841
C線-獅山民俗村線(郵輪式公車，周一行駛),去程,8, 山外車站,24.4421,118.414
D線-榕園太湖線(郵輪式公車),去程,1,山外車站,24.442393,118.413745
D線-榕園太湖線(郵輪式公車),去程,2,八二三戰史館、榕園及俞大維紀念館,24.4432,118.4311
D線-榕園太湖線(郵輪式公車),去程,3,特約茶室展示館,24.44817,118.384621
D線-榕園太湖線(郵輪式公車),去程,4,瓊林聚落,24.4535,118.3738
D線-榕園太湖線(郵輪式公車),去程,5,自行車故事館,24.44377,118.352585
D線-榕園太湖線(郵輪式公車),去程,6,陳景蘭洋樓,24.437353,118.390086
D線-榕園太湖線(郵輪式公車),去程,7,山外車站,24.442393,118.413745
D線-榕園太湖線(郵輪式公車),回程,1,山外車站,24.442393,118.413745
D線-榕園太湖線(郵輪式公車),回程,2,陳景蘭洋樓,24.437353,118.390086
D線-榕園太湖線(郵輪式公車),回程,3,自行車故事館,24.44377,118.352585
D線-榕園太湖線(郵輪式公車),回程,4,瓊林聚落,24.4535,118.3738
D線-榕園太湖線(郵輪式公車),回程,5,特約茶室展示館,24.44817,118.384621
D線-榕園太湖線(郵輪式公車),回程,6,八二三戰史館、榕園及俞大維紀念館,24.4432,118.4311
D線-榕園太湖線(郵輪式公車),回程,7,山外車站,24.442393,118.413745
斗六古坑線,去程,1,臺鐵斗六站,23.71183,120.540194
斗六古坑線,去程,2,雲中街,23.70775,120.53955
斗六古坑線,去程,3,社口遊客中心,23.7,120.54416
斗六古坑線,去程,4,雲林科技大學,23.69097,120.5383
斗六古坑線,去程,5,綠色隧道,23.65708,120.54247
斗六古坑線,去程,6,古坑嘉興宮,23.64542828,120.561965
斗六古坑線,去程,7,福祿壽酒廠,23.64024,120.56052
斗六古坑線,去程,8,永光故事屋,23.62472,120.55416
斗六古坑線,去程,9,劍湖山世界,23.61444,120.5775
斗六古坑線,去程,10,華山咖啡大街,23.59555,120.59888
斗六古坑線,回程,1,華山咖啡大街,23.59555,120.59888
斗六古坑線,回程,2,劍湖山世界,23.61444,120.5775
斗六古坑線,回程,3,永光故事屋,23.62472,120.55416
斗六古坑線,回程,4,福祿壽酒廠,23.64024,120.56052
斗六古坑線,回程,5,古坑嘉興宮,23.64569936,120.5619783
斗六古坑線,回程,6,綠色隧道,23.65708,120.54247
斗六古坑線,回程,7,雲林科技大學,23.69097,120.5383
斗六古坑線,回程,8,社口遊客中心,23.7,120.54416
斗六古坑線,回程,9,雲中街,23.70775,120.53955
斗六古坑線,回程,10,臺鐵斗六站,23.71183,120.540194
北港虎尾線(郵輪式公車),去程,1,臺鐵斗六站,23.7118659,120.5373311
北港虎尾線(郵輪式公車),去程,2,高鐵雲林站,23.7363194,120.4143437
北港虎尾線(郵輪式公車),去程,3,雲林布袋戲館,23.709297,120.431374
北港虎尾線(郵輪式公車),去程,4,北港朝天宮,23.5680465,120.3025329
北港虎尾線(郵輪式公車),去程,5,口湖遊客中心,23.54833,120.17416
北港虎尾線(郵輪式公車),去程,6,三條崙海清宮,23.65583,120.15361
北港虎尾線(郵輪式公車),去程,7,麥寮拱範宮,23.74666,120.25583
北港虎尾線(郵輪式公車),去程,8,千巧谷牛樂園牧場,23.76119,120.36605
北港虎尾線(郵輪式公車),去程,9,高鐵雲林站,23.7363194,120.4143437
北港虎尾線(郵輪式公車),去程,10,臺鐵斗六站,23.7118659,120.5373311
礁溪線-B線,去程,1,臺鐵礁溪站,24.8272,121.775117
礁溪線-B線,去程,2,礁溪轉運站,24.83101,121.7777
礁溪線-B線,去程,3,礁溪溫泉公園(溫泉遊客中心),24.830951,121.775563
礁溪線-B線,去程,4,湯圍溝公園,24.829013,121.769328
礁溪線-B線,去程,5,跑馬古道公園,24.82813,121.76643
礁溪線-B線,去程,6,李寶興圳,24.821294,121.756155
礁溪線-B線,去程,7,林美社區遊客中心,24.817819,121.750155
礁溪線-B線,去程,8,林美石磐步道,24.820159,121.734059
礁溪線-B線,去程,9,淡江大學蘭陽校區,24.82215,121.729
礁溪線-B線,回程,1,淡江大學蘭陽校區,24.82215,121.729
礁溪線-B線,回程,2,林美石磐步道,24.820159,121.734059
礁溪線-B線,回程,3,林美社區遊客中心,24.817755,121.750313
礁溪線-B線,回程,4,李寶興圳,24.821294,121.756155
礁溪線-B線,回程,5,跑馬古道公園,24.82813,121.76643
礁溪線-B線,回程,6,湯圍溝公園,24.828882,121.769581
礁溪線-B線,回程,7,礁溪溫泉公園(溫泉遊客中心),24.830897,121.775652
礁溪線-B線,回程,8,礁溪轉運站,24.83101,121.7777
礁溪線-B線,回程,9,臺鐵礁溪站,24.8272,121.775117
媽宮北環線(郵輪式公車),去程,1,西衛東站,23.579618,119.579231
媽宮北環線(郵輪式公車),去程,2,馬公港站,23.563093,119.564834
媽宮北環線(郵輪式公車),去程,3,公車總站,23.56743,119.564453
媽宮北環線(郵輪式公車),去程,4,自由塔,23.569913,119.571319
媽宮北環線(郵輪式公車),去程,5,第三漁港(雅霖)站,23.568084,119.573539
媽宮北環線(郵輪式公車),去程,6,元泰、百世多麗站,23.563407,119.583885
媽宮北環線(郵輪式公車),去程,7,東衛站,23.569826,119.598854
媽宮北環線(郵輪式公車),去程,8,通樑古榕,23.656475,119.556709
媽宮北環線(郵輪式公車),去程,9,三仙塔,23.56397104,119.4772067
媽宮北環線(郵輪式公車),去程,10,大菓葉柱狀玄武岩,23.59486,119.51686
媽宮北環線(郵輪式公車),去程,11,二崁聚落站,23.604043,119.517784
媽宮北環線(郵輪式公車),去程,13,通梁古榕,23.63919,119.540534
媽宮北環線(郵輪式公車),去程,14,東衛站,23.569826,119.598854
媽宮北環線(郵輪式公車),去程,15,元泰、百世多麗站,23.563407,119.583885
媽宮北環線(郵輪式公車),去程,16,第三漁港(雅霖)站,23.568084,"119.573539, 119.573537"
媽宮北環線(郵輪式公車),去程,17,自由塔站,23.569913,119.571319
媽宮北環線(郵輪式公車),去程,18,公車總站,23.56743,119.564453
媽宮北環線(郵輪式公車),去程,19,馬公港站,23.563093,119.564834
媽宮北環線(郵輪式公車),去程,20,西衛東站,23.579618,119.579231
故宮南院線,去程,1,嘉義火車站,23.478073,120.441181
故宮南院線,去程,2,文化中心(檜意森活村),23.48681,120.45345
故宮南院線,去程,3,臺灣菸酒嘉義觀光酒廠,23.520915,120.443888
故宮南院線,去程,4,民雄工業區服務中心(卡普秀醫美觀光工廠),23.52288,120.4475
故宮南院線,去程,5,旺萊山鳳梨文化園區,23.553344,120.476021
故宮南院線,去程,6,民雄金桔觀光工廠,23.557098,120.47605
故宮南院線,去程,7,中正大學,23.560535,120.473419
故宮南院線,去程,8,民雄火車站,23.55544,120.43137
故宮南院線,去程,9,菁埔貓世界,23.558868,120.398859
故宮南院線,去程,10,新港奉天宮,23.5518692,120.3473929
故宮南院線,去程,11,頂菜園,23.562827,120.325881
故宮南院線,去程,12,板陶窯,23.5652,120.3212
故宮南院線,去程,13,蒜頭蔗埕文化園區,23.47893,120.29914
故宮南院線,去程,14,故宮南院,23.46935,120.2943
故宮南院線,去程,15,高鐵嘉義站,23.45855,120.32288
故宮南院線,回程,1,高鐵嘉義站,23.45855,120.32288
故宮南院線,回程,2,故宮南院,23.46935,120.2943
故宮南院線,回程,3,蒜頭蔗埕文化園區,23.47893,120.29914
故宮南院線,回程,4,頂菜園,23.562827,120.325881
故宮南院線,回程,5,板陶窯,23.5652,120.3212
故宮南院線,回程,6,新港奉天宮,23.55180227,120.3472089
故宮南院線,回程,7,菁埔貓世界,23.558868,120.398859
故宮南院線,回程,8,民雄火車站,23.55544,120.43137
故宮南院線,回程,9,中正大學,23.560535,120.473419
故宮南院線,回程,10,民雄金桔觀光工廠,23.557034,120.475511
故宮南院線,回程,11,旺萊山鳳梨文化園區,23.553356,120.475857
故宮南院線,回程,12,民雄工業區服務中心(卡普秀醫美觀光工廠),23.52288,120.4475
故宮南院線,回程,13,臺灣菸酒嘉義觀光酒廠,23.521107,120.443813
故宮南院線,回程,14,文化中心(檜意森活村),23.48755,120.45318
故宮南院線,回程,15,嘉義火車站,23.47854,120.44125
木柵平溪線(往平溪),去程,1,木柵捷運線(由木柵調度站發車),24.99801667,121.57445
木柵平溪線(往平溪),去程,2,深坑老街,25.00135,121.6127
木柵平溪線(往平溪),去程,3,雙溪口(可轉乘至石碇老街),25.00738333,121.6524167
木柵平溪線(往平溪),去程,4,文山煤礦,25.010641,121.6750033
木柵平溪線(往平溪),去程,5,姑娘廟,25.017,121.6987
木柵平溪線(往平溪),去程,6,菁桐(菁桐老街),25.02225,121.7235
木柵平溪線(往平溪),去程,7,平溪老街,25.02448333,121.7387
木柵平溪線(往平溪),回程,1,平溪老街,25.02448333,121.7387
木柵平溪線(往平溪),回程,2,菁桐坑(菁桐老街),25.02225,121.7235
木柵平溪線(往平溪),回程,3,姑娘廟,25.017,121.6987
木柵平溪線(往平溪),回程,4,文山煤礦,25.010641,121.6750033
木柵平溪線(往平溪),回程,5,雙溪口(可轉乘至石碇老街),25.00738333,121.6524167
木柵平溪線(往平溪),回程,6,深坑老街,25.00135,121.6127
木柵平溪線(往平溪),回程,7,木柵捷運線,24.99801667,121.57445
E線-風獅爺主題(上午)路線(週六行駛，郵輪式公車),去程,1,山外車站,24.442393,118.413745
E線-風獅爺主題(上午)路線(週六行駛，郵輪式公車),去程,2,瓊林,24.453179,118.37398
E線-風獅爺主題(上午)路線(週六行駛，郵輪式公車),去程,3,中蘭,24.46355,118.38589
E線-風獅爺主題(上午)路線(週六行駛，郵輪式公車),去程,4,何厝,24.47362,118.397099
E線-風獅爺主題(上午)路線(週六行駛，郵輪式公車),去程,5,斗門,24.474299,118.405829
E線-風獅爺主題(上午)路線(週六行駛，郵輪式公車),去程,6,下塘頭,24.47616,118.393249
E線-風獅爺主題(上午)路線(週六行駛，郵輪式公車),去程,7,浦邊,24.477789,118.38884
E線-風獅爺主題(上午)路線(週六行駛，郵輪式公車),去程,8,劉澳,24.48224,118.388499
E線-風獅爺主題(上午)路線(週六行駛，郵輪式公車),去程,9,呂厝,24.48449,118.39046
E線-風獅爺主題(上午)路線(週六行駛，郵輪式公車),去程,10,后宅,24.48326,118.394419
E線-風獅爺主題(上午)路線(週六行駛，郵輪式公車),去程,11,洋山,24.49275,118.39696
E線-風獅爺主題(上午)路線(週六行駛，郵輪式公車),去程,12,田墩,24.501249,118.409319
E線-風獅爺主題(上午)路線(週六行駛，郵輪式公車),去程,13,西園,24.508829,118.40577
E線-風獅爺主題(上午)路線(週六行駛，郵輪式公車),去程,14,塘頭,24.514859,118.41495
E線-風獅爺主題(上午)路線(週六行駛，郵輪式公車),去程,15,官澳,24.516329,118.41056
E線-風獅爺主題(上午)路線(週六行駛，郵輪式公車),去程,16,山外車站,24.442393,118.413745
E線-風獅爺主題(上午)路線(週六行駛，郵輪式公車),回程,1,山外車站,24.442393,118.413745
E線-風獅爺主題(上午)路線(週六行駛，郵輪式公車),回程,2,瓊林,24.453179,118.37398
E線-風獅爺主題(上午)路線(週六行駛，郵輪式公車),回程,3,中蘭,24.46355,118.38589
E線-風獅爺主題(上午)路線(週六行駛，郵輪式公車),回程,4,何厝,24.47362,118.397099
E線-風獅爺主題(上午)路線(週六行駛，郵輪式公車),回程,5,斗門,24.474299,118.405829
E線-風獅爺主題(上午)路線(週六行駛，郵輪式公車),回程,6,下塘頭,24.47616,118.393249
E線-風獅爺主題(上午)路線(週六行駛，郵輪式公車),回程,7,浦邊,24.477789,118.38884
E線-風獅爺主題(上午)路線(週六行駛，郵輪式公車),回程,8,劉澳,24.48224,118.388499
E線-風獅爺主題(上午)路線(週六行駛，郵輪式公車),回程,9,呂厝,24.48449,118.39046
E線-風獅爺主題(上午)路線(週六行駛，郵輪式公車),回程,10,后宅,24.48326,118.394419
E線-風獅爺主題(上午)路線(週六行駛，郵輪式公車),回程,11,洋山,24.49275,118.39696
E線-風獅爺主題(上午)路線(週六行駛，郵輪式公車),回程,12,田墩,24.501249,118.409319
E線-風獅爺主題(上午)路線(週六行駛，郵輪式公車),回程,13,西園,24.508829,118.40577
E線-風獅爺主題(上午)路線(週六行駛，郵輪式公車),回程,14,塘頭,24.514859,118.41495
E線-風獅爺主題(上午)路線(週六行駛，郵輪式公車),回程,15,官澳,24.516329,118.41056
E線-風獅爺主題(上午)路線(週六行駛，郵輪式公車),回程,16,山外車站,24.442393,118.413745
E線-風獅爺主題(下午)路線(週六行駛，郵輪式公車),去程,1,山外車站,24.442393,118.413745
E線-風獅爺主題(下午)路線(週六行駛，郵輪式公車),去程,2,陽翟,24.478249,118.42873
E線-風獅爺主題(下午)路線(週六行駛，郵輪式公車),去程,3,西吳,24.48573,118.42874
E線-風獅爺主題(下午)路線(週六行駛，郵輪式公車),去程,4,東珩,24.486609,118.43474
E線-風獅爺主題(下午)路線(週六行駛，郵輪式公車),去程,5,碧山,24.485749,118.44276
E線-風獅爺主題(下午)路線(週六行駛，郵輪式公車),去程,6,山后,24.50382,118.44231
E線-風獅爺主題(下午)路線(週六行駛，郵輪式公車),去程,7,沙美,24.4964,118.41638
E線-風獅爺主題(下午)路線(週六行駛，郵輪式公車),去程,8,后浦頭,24.48872,118.41319
E線-風獅爺主題(下午)路線(週六行駛，郵輪式公車),去程,9,后水頭1,24.4815,118.414069
E線-風獅爺主題(下午)路線(週六行駛，郵輪式公車),去程,10,東蕭,24.487929,118.42341
E線-風獅爺主題(下午)路線(週六行駛，郵輪式公車),去程,11,后水頭2,24.48253,118.416759
E線-風獅爺主題(下午)路線(週六行駛，郵輪式公車),去程,12,蔡厝,24.47202,118.416949
E線-風獅爺主題(下午)路線(週六行駛，郵輪式公車),去程,13,東沙尾,24.45578,118.447919
E線-風獅爺主題(下午)路線(週六行駛，郵輪式公車),去程,14,東山,24.461629,118.452529
E線-風獅爺主題(下午)路線(週六行駛，郵輪式公車),去程,15,東溪,24.46412,118.452989
E線-風獅爺主題(下午)路線(週六行駛，郵輪式公車),去程,16,大地,24.475229,118.460419
E線-風獅爺主題(下午)路線(週六行駛，郵輪式公車),去程,17,田埔,24.477399,118.46228
E線-風獅爺主題(下午)路線(週六行駛，郵輪式公車),去程,18,南雄,24.452349,118.424
E線-風獅爺主題(下午)路線(週六行駛，郵輪式公車),去程,19,山外車站,24.442393,118.413745
E線-風獅爺主題(下午)路線(週六行駛，郵輪式公車),回程,1,山外車站,24.442393,118.413745
E線-風獅爺主題(下午)路線(週六行駛，郵輪式公車),回程,2,陽翟,24.478249,118.42873
E線-風獅爺主題(下午)路線(週六行駛，郵輪式公車),回程,3,西吳,24.48573,118.42874
E線-風獅爺主題(下午)路線(週六行駛，郵輪式公車),回程,4,東珩,24.486609,118.43474
E線-風獅爺主題(下午)路線(週六行駛，郵輪式公車),回程,5,碧山,24.485749,118.44276
E線-風獅爺主題(下午)路線(週六行駛，郵輪式公車),回程,6,山后,24.50382,118.44231
E線-風獅爺主題(下午)路線(週六行駛，郵輪式公車),回程,7,沙美,24.4964,118.41638
E線-風獅爺主題(下午)路線(週六行駛，郵輪式公車),回程,8,后浦頭,24.48872,118.41319
E線-風獅爺主題(下午)路線(週六行駛，郵輪式公車),回程,9,后水頭1,24.4815,118.414069
E線-風獅爺主題(下午)路線(週六行駛，郵輪式公車),回程,10,東蕭,24.487929,118.42341
E線-風獅爺主題(下午)路線(週六行駛，郵輪式公車),回程,11,后水頭2,24.48253,118.416759
E線-風獅爺主題(下午)路線(週六行駛，郵輪式公車),回程,12,蔡厝,24.47202,118.416949
E線-風獅爺主題(下午)路線(週六行駛，郵輪式公車),回程,13,東沙尾,24.45578,118.447919
E線-風獅爺主題(下午)路線(週六行駛，郵輪式公車),回程,14,東山,24.461629,118.452529
E線-風獅爺主題(下午)路線(週六行駛，郵輪式公車),回程,15,東溪,24.46412,118.452989
E線-風獅爺主題(下午)路線(週六行駛，郵輪式公車),回程,16,大地,24.475229,118.460419
E線-風獅爺主題(下午)路線(週六行駛，郵輪式公車),回程,17,田埔,24.477399,118.46228
E線-風獅爺主題(下午)路線(週六行駛，郵輪式公車),回程,18,南雄,24.452349,118.424
E線-風獅爺主題(下午)路線(週六行駛，郵輪式公車),回程,19,山外車站,24.442393,118.413745
關子嶺線,去程,1,高鐵嘉義站,23.458721,120.322948
關子嶺線,去程,2,菁寮,23.37817,120.33594
關子嶺線,去程,3,後壁火車站,23.366008,120.3609
關子嶺線,去程,4,白河轉運站,23.3474,120.41352
關子嶺線,去程,5,仙草埔,23.344247,120.475349
關子嶺線,去程,6,寶泉橋,23.33952,120.50459
關子嶺線,去程,7,嶺頂旅遊資訊站,23.33882,120.50301
關子嶺線,回程,1,嶺頂旅遊資訊站,23.338473,120.50305
關子嶺線,回程,2,寶泉橋,23.339512,120.504758
關子嶺線,回程,3,仙草埔,23.34432,120.47541
關子嶺線,回程,4,白河轉運站,23.3474,120.41352
關子嶺線,回程,5,後壁火車站,23.366008,120.3609
關子嶺線,回程,6,菁寮,23.3784,120.33588
關子嶺線,回程,7,高鐵嘉義站,23.458721,120.322948
壯圍沙丘線,去程,1,宜蘭轉運站,24.75108,121.75976
壯圍沙丘線,去程,2,宜蘭火車站,24.7519,121.75655
壯圍沙丘線,去程,3,壯圍鄉公所,24.74636,121.78568
壯圍沙丘線,去程,4,壯圍沙丘生態園區,24.738125,121.819399
壯圍沙丘線,去程,5,後埤,24.74685,121.81636
壯圍沙丘線,去程,6,保安宮,24.75694444,121.8155556
壯圍沙丘線,去程,7,永鎮濱海遊憩區,24.77511,121.81541
壯圍沙丘線,去程,8,大福觀海旭日平台,24.80298,121.81693
壯圍沙丘線,去程,9,頭城濱海森林公園,24.852432,121.828341
壯圍沙丘線,去程,10,大坑觀景台,24.856799,121.831425
壯圍沙丘線,去程,11,烏石港轉運站,24.86938,121.8352
壯圍沙丘線,去程,12,頭城火車站,24.859515,121.82344
壯圍沙丘線,回程,1,頭城火車站,24.859515,121.82344
壯圍沙丘線,回程,2,烏石港轉運站,24.86938,121.8352
壯圍沙丘線,回程,3,大坑觀景台,24.856799,121.831425
壯圍沙丘線,回程,4,頭城濱海森林公園,24.852475,121.828315
壯圍沙丘線,回程,5,大福觀海旭日平台,24.80301,121.8168
壯圍沙丘線,回程,6,永鎮濱海遊憩區,24.77509,121.81525
壯圍沙丘線,回程,7,保安宮,24.75675,121.8156944
壯圍沙丘線,回程,8,後埤,24.74684,121.8162
壯圍沙丘線,回程,9,壯圍沙丘生態園區,24.738125,121.819399
壯圍沙丘線,回程,10,壯圍鄉公所,24.74652,121.78575
壯圍沙丘線,回程,11,宜蘭火車站,24.75169,121.7563
壯圍沙丘線,回程,12,宜蘭轉運站,24.75108,121.75976
光林我嘉線,去程,1,港坪運動公園,23.4759,120.42227
光林我嘉線,去程,2,玉山郵局,23.47245,120.4281
光林我嘉線,去程,3,嘉樂福觀光夜市,23.47206,120.4315
光林我嘉線,去程,4,番子溝公園,23.47494,120.43396
光林我嘉線,去程,5,大潤發(博愛路),23.478294,120.436725
光林我嘉線,去程,6,嘉義市轉運中心,23.4801068,120.4398097
光林我嘉線,去程,7,自由友忠路口,23.486433,120.442031
光林我嘉線,去程,8,北香湖公園,23.4908,120.4455
光林我嘉線,去程,9,文化文華街口,23.48845349,120.4466736
光林我嘉線,去程,10,秀泰影城,23.48496,120.44825
光林我嘉線,去程,11,嘉義火車站,23.478583,120.441481
光林我嘉線,去程,12,新光三越遠東站,23.472965,120.440936
光林我嘉線,去程,13,文化路口,23.473133,120.44228
光林我嘉線,去程,14,嘉邑城隍廟,23.473864,120.450059
光林我嘉線,去程,15,市政府(吳鳳北路),23.481725,120.452896
光林我嘉線,去程,16,檜意森活村(北門),23.486397,120.45427
光林我嘉線,去程,17,獄政博物館,23.48502182,120.4582421
光林我嘉線,去程,18,嘉義高商(嘉義公園),23.482556,120.462941
光林我嘉線,去程,19,嘉義高中（啟明路）,23.479394,120.462765
光林我嘉線,去程,20,嘉義高中,23.47676,120.46533
光林我嘉線,去程,21,下山仔頂(大雅商圈),23.477384,120.468282
光林我嘉線,去程,22,蘭潭國小,23.4757,120.4712
光林我嘉線,去程,23,蘭潭DC,23.47404,120.47385
光林我嘉線,去程,24,蘭潭,23.46857,120.476233
光林我嘉線,回程,1,蘭潭,23.4688335,120.4763277
光林我嘉線,回程,2,蘭潭DC,23.474077,120.473923
光林我嘉線,回程,3,蘭潭國小,23.4757,120.4712
光林我嘉線,回程,4,下山仔頂(大雅商圈),23.477494,120.468104
光林我嘉線,回程,5,嘉義高中,23.47676,120.46533
光林我嘉線,回程,6,嘉義高中（啟明路）,23.4790297,120.462868
光林我嘉線,回程,7,嘉義高商(嘉義公園),23.4826636,120.4630031
光林我嘉線,回程,8,獄政博物館,23.48502182,120.4582421
光林我嘉線,回程,9,檜意森活村(北門),23.4864846,120.4541565
光林我嘉線,回程,10,市政府(吳鳳北路),23.482272,120.452592
光林我嘉線,回程,11,嘉邑城隍廟,23.4768512,120.4534991
光林我嘉線,回程,12,文化路口,23.4739171,120.4503783
光林我嘉線,回程,13,新光三越遠東站,23.473129,120.442267
光林我嘉線,回程,14,嘉義火車站,23.477689,120.440943
光林我嘉線,回程,15,秀泰影城,23.4849262,120.448429
光林我嘉線,回程,16,文化文華街口,23.48856661,120.4468126
光林我嘉線,回程,17,北香湖公園,23.4908,120.4455
光林我嘉線,回程,18,自由友忠路口,23.487058,120.441951
光林我嘉線,回程,19,嘉義市轉運中心,23.4801068,120.4398097
光林我嘉線,回程,20,大潤發(博愛路),23.478294,120.436725
光林我嘉線,回程,21,番子溝公園,23.47502,120.433861
光林我嘉線,回程,22,嘉樂福觀光夜市,23.47206,120.431196
光林我嘉線,回程,23,玉山郵局,23.47245,120.4281
光林我嘉線,回程,24,港坪運動公園,23.476037,120.422299
大溪快線,去程,1,高鐵桃園站,25.01287,121.21414
大溪快線,去程,2,大江購物中心,25.00105,121.22959
大溪快線,去程,3,仁和國中,24.89389,121.27584
大溪快線,去程,4,崎頂(原住民文化會館),24.89814,121.28477
大溪快線,去程,5,大溪老街,24.88405,121.2891
大溪快線,去程,6,大溪站,24.87968,121.29036
大溪快線,去程,7,三層(打鐵寮古道),24.85896,121.29503
大溪快線,去程,8,經國紀念館(北橫遊客中心),24.84914,121.28547
大溪快線,去程,9,草嶺腳(富田農場),24.84275,121.28714
大溪快線,去程,10,慈湖,24.84049,121.29158
大溪快線,回程,1,慈湖,24.84049,121.29158
大溪快線,回程,2,草嶺腳(富田農場),24.84272,121.28726
大溪快線,回程,3,經國紀念館(北橫遊客中心),24.84914,121.28547
大溪快線,回程,4,三層(打鐵寮古道),24.8588,121.29506
大溪快線,回程,5,大溪站,24.87974,121.2905
大溪快線,回程,6,大溪老街,24.884125,121.289352
大溪快線,回程,7,崎頂崎頂(原住民文化會館),24.899,121.28432
大溪快線,回程,8,仁和國中,24.89389,121.27584
大溪快線,回程,9,大江購物中心,25.0012,121.22957
大溪快線,回程,10,高鐵桃園站,25.01287,121.21414
石門水庫線(假日行駛),去程,1,中壢總站,24.95322,121.22384
石門水庫線(假日行駛),去程,2,老街溪河川教育中心,24.95368,121.21858
石門水庫線(假日行駛),去程,3,平鎮區公所(中豐路),24.94286,121.216572
石門水庫線(假日行駛),去程,4,葡萄王健康活力能量館,24.93399,121.22536
石門水庫線(假日行駛),去程,5,莊屋(蛋寶生技不老村),24.9281,121.22748
石門水庫線(假日行駛),去程,6,柑仔園,24.9183,121.23038
石門水庫線(假日行駛),去程,7,劉屋(晴耕雨讀小書院),24.88805,121.22333
石門水庫線(假日行駛),去程,8,中正北龍路口(龍潭站),24.86773,121.21569
石門水庫線(假日行駛),去程,9,龍潭大池(神龍路),24.86228,121.21224
石門水庫線(假日行駛),去程,10,名人堂花園大飯店,24.84948,121.22968
石門水庫線(假日行駛),去程,11,桃園市客家文化館,24.84566,121.23458
石門水庫線(假日行駛),去程,12,十一份(文化路活魚街),24.84177,121.24066
石門水庫線(假日行駛),去程,13,北水局(石門大草坪),24.83658,121.24088
石門水庫線(假日行駛),去程,14,十一份(文化路活魚街),24.84249,121.2409
石門水庫線(假日行駛),去程,15,三坑老街,24.84201,121.24403
石門水庫線(假日行駛),去程,16,石門山登山口,24.81923,121.23796
石門水庫線(假日行駛),去程,17,石門車站(壩頂),24.81211,121.24739
石門水庫線(假日行駛),去程,18,石門水庫(坪林收費站),24.82082,121.25568
石門水庫線(假日行駛),回程,1,石門水庫(坪林收費站),24.82082,121.25568
石門水庫線(假日行駛),回程,2,三坑老街,24.84181,121.24428
石門水庫線(假日行駛),回程,3,十一份(文化路活魚街),24.84177,121.24066
石門水庫線(假日行駛),回程,4,北水局(石門大草坪),24.83658,121.24088
石門水庫線(假日行駛),回程,5,十一份(文化路活魚街),24.84249,121.2409
石門水庫線(假日行駛),回程,6,桃園市客家文化館,24.84574,121.23481
石門水庫線(假日行駛),回程,7,名人堂花園大飯店,24.84935,121.22969
石門水庫線(假日行駛),回程,8,龍潭大池(神龍路),24.86253,121.21218
石門水庫線(假日行駛),回程,9,中正北龍路口(龍潭站),24.86804,121.21549
石門水庫線(假日行駛),回程,10,劉屋(晴耕雨讀小書院),24.88802,121.22339
石門水庫線(假日行駛),回程,11,柑仔園,24.91859,121.23029
石門水庫線(假日行駛),回程,12,莊屋(蛋寶生技不老村),24.9281,121.22748
石門水庫線(假日行駛),回程,13,葡萄王健康活力能量館,24.93443,121.2253
石門水庫線(假日行駛),回程,14,平鎮區公所(中豐路),24.94287,121.21672
石門水庫線(假日行駛),回程,15,老街溪河川教育中心,24.95365,121.21867
石門水庫線(假日行駛),回程,16,中壢總站,24.95322,121.22384
鹿港祈福快線,去程,1,高鐵臺中站,24.112141,120.616149
鹿港祈福快線,去程,2,福興鄉農會,24.049711,120.439557
鹿港祈福快線,去程,3,鹿港乘車處 (彰化客運鹿港站),24.059977,120.43645
鹿港祈福快線,去程,4,勞教學苑 (亞太鹿港渡假村),24.063498,120.435495
鹿港祈福快線,去程,5,彰濱秀傳健康園區,24.078142,120.412866
鹿港祈福快線,去程,6,卷木森活館,24.08091,120.411605
鹿港祈福快線,去程,7,白蘭氏健康博物館,24.077408,120.400773
鹿港祈福快線,去程,8,縉陽織帶文化園區 (緞帶王觀光工廠),24.076939,120.39476
鹿港祈福快線,去程,9,台明將台灣玻璃館,24.068426,120.395312
鹿港祈福快線,回程,1,台明將台灣玻璃館,24.068426,120.395312
鹿港祈福快線,回程,2,縉陽織帶文化園區 (緞帶王觀光工廠),24.076939,120.39476
鹿港祈福快線,回程,3,卷木森活館,24.080742,120.411564
鹿港祈福快線,回程,4,彰濱秀傳健康園區,24.078114,120.412675
鹿港祈福快線,回程,5,勞教學苑 (亞太鹿港渡假村),24.063627,120.435354
鹿港祈福快線,回程,6,鹿港乘車處 (彰化客運鹿港站),24.060175,120.436259
鹿港祈福快線,回程,7,福興鄉農會,24.050252,120.439275
鹿港祈福快線,回程,8,高鐵臺中站,24.112141,120.616149
西濱快線,去程,1,新營站,23.30752,120.32217
西濱快線,去程,2,新營轉運站,23.32032,120.26785
西濱快線,去程,3,鹽水站,23.3106386,120.2831555
西濱快線,去程,4,布袋遊客中心,23.381958,120.155701
西濱快線,去程,5,布袋商港,23.379206,120.139564
西濱快線,去程,6,高跟鞋教堂,23.378414,120.149743
西濱快線,去程,7,南鯤鯓(代天府),23.286886,120.140833
西濱快線,去程,8,北門區公所(水晶教堂),23.266981,120.12448
西濱快線,去程,9,泰安宮(井仔腳鹽田),23.260312,120.112481
西濱快線,去程,10,將軍漁港,23.211172,120.088591
西濱快線,去程,11,馬沙溝遊憩區（休館中）,23.216917,120.084576
西濱快線,去程,12,馬沙溝彩繪村,23.21689,120.097126
西濱快線,去程,13,七股鹽山,23.152957,120.09903
西濱快線,去程,14,台灣鹽博物館(休館中),23.154745,120.10497
西濱快線,回程,1,台灣鹽博物館(休館中),23.154745,120.10497
西濱快線,回程,2,七股鹽山,23.152957,120.09903
西濱快線,回程,3,馬沙溝彩繪村,23.21689,120.097126
西濱快線,回程,4,馬沙溝遊憩區（休館中）,23.216917,120.084576
西濱快線,回程,5,將軍漁港,23.211172,120.088591
西濱快線,回程,6,泰安宮(井仔腳鹽田),23.260312,120.11248
西濱快線,回程,7,北門區公所(水晶教堂),23.266897,120.124535
西濱快線,回程,8,南鯤鯓(代天府),23.286818,120.141008
西濱快線,回程,9,高跟鞋教堂,23.378414,120.149743
西濱快線,回程,10,布袋商港,23.379206,120.139564
西濱快線,回程,11,布袋遊客中心,23.381958,120.1557
西濱快線,回程,12,鹽水站,23.3106386,120.2831555
西濱快線,回程,13,新營轉運站,23.320354,120.26771
西濱快線,回程,14,新營站,23.30752,120.32217
洄瀾東海岸線(郵輪式公車),去程,1,花蓮轉運站,23.991852,121.601992
洄瀾東海岸線(郵輪式公車),去程,2,蕃薯寮遊憩區,23.746835,121.555432
洄瀾東海岸線(郵輪式公車),去程,3,豐濱消防栓景觀台,23.60687,121.52843
洄瀾東海岸線(郵輪式公車),去程,4,石梯坪,23.490777,121.507967
洄瀾東海岸線(郵輪式公車),回程,1,石梯坪,23.490777,121.507967
洄瀾東海岸線(郵輪式公車),回程,2,石梯漁港,23.49244,121.50576
洄瀾東海岸線(郵輪式公車),回程,3,石門班哨角,23.520225,121.502148
洄瀾東海岸線(郵輪式公車),回程,4,石門洞,23.52516,121.5029
洄瀾東海岸線(郵輪式公車),回程,5,新社梯田,23.655422,121.538933
洄瀾東海岸線(郵輪式公車),回程,6,芭崎瞭望台,23.731733,121.558242
洄瀾東海岸線(郵輪式公車),回程,7,花蓮轉運站,23.99322005,121.6032435
北竿-戰爭和平公園線(上午，郵輪式公車),去程,1,塘岐村,26.224309,119.999354
北竿-戰爭和平公園線(上午，郵輪式公車),去程,2,戰爭和平公園,26.220833,120.00852
北竿-戰爭和平公園線(上午，郵輪式公車),去程,3,塘后沙灘,26.223074,120.00487
北竿-戰爭和平公園線(上午，郵輪式公車),去程,4,壁山觀景台,26.225409,119.992469
北竿-戰爭和平公園線(上午，郵輪式公車),去程,5,北竿遊客中心,26.216594,119.974575
北竿-戰爭和平公園線(上午，郵輪式公車),去程,6,馬祖播音站,26.22492508,119.9789172
北竿-戰爭和平公園線(上午，郵輪式公車),去程,7,芹壁聚落,26.224946,119.983668
北竿-戰爭和平公園線(上午，郵輪式公車),去程,8,塘岐村,26.224309,119.999354
北竿-戰爭和平公園線(上午，郵輪式公車),回程,1,塘岐村,26.224309,119.999354
北竿-戰爭和平公園線(上午，郵輪式公車),回程,2,戰爭和平公園,26.220833,120.00852
北竿-戰爭和平公園線(上午，郵輪式公車),回程,3,塘后沙灘,26.223074,120.00487
北竿-戰爭和平公園線(上午，郵輪式公車),回程,4,橋仔聚落,26.235135,119.993742
北竿-戰爭和平公園線(上午，郵輪式公車),回程,5,壁山觀景台,26.225409,119.992469
北竿-戰爭和平公園線(上午，郵輪式公車),回程,6,北竿遊客中心,26.216594,119.974575
北竿-戰爭和平公園線(上午，郵輪式公車),回程,7,芹壁聚落,26.224946,119.983668
北竿-戰爭和平公園線(上午，郵輪式公車),回程,8,塘岐村,26.224309,119.999354
莒光-東莒東犬燈塔線(郵輪式公車),去程,1,猛澳港,25.954794,119.96798
莒光-東莒東犬燈塔線(郵輪式公車),去程,2,大埔石刻,25.94678,119.967339
莒光-東莒東犬燈塔線(郵輪式公車),去程,3,大埔聚落,25.952046,119.976928
莒光-東莒東犬燈塔線(郵輪式公車),去程,4,呂何崖,25.957902,119.983521
莒光-東莒東犬燈塔線(郵輪式公車),去程,5,東犬燈塔,25.964309,119.990133
莒光-東莒東犬燈塔線(郵輪式公車),去程,6,東莒遊客中心,25.961818,119.985363
莒光-東莒東犬燈塔線(郵輪式公車),去程,7,猛澳港,25.954794,119.96798
莒光-東莒東犬燈塔線(郵輪式公車),回程,1,猛澳港,25.954794,119.96798
莒光-東莒東犬燈塔線(郵輪式公車),回程,2,大埔石刻,25.94678,119.967339
莒光-東莒東犬燈塔線(郵輪式公車),回程,3,大埔聚落,25.952046,119.976928
莒光-東莒東犬燈塔線(郵輪式公車),回程,4,東犬燈塔,25.964309,119.990133
莒光-東莒東犬燈塔線(郵輪式公車),回程,5,東莒遊客中心,25.961818,119.985363
莒光-東莒東犬燈塔線(郵輪式公車),回程,6,呂何崖,25.957902,119.983521
莒光-東莒東犬燈塔線(郵輪式公車),回程,7,猛澳港,25.954794,119.96798
莒光-西莒坤坵沙灘(郵輪式公車),去程,1,青帆港,25.969208,119.933646
莒光-西莒坤坵沙灘(郵輪式公車),去程,2,菜浦澳,25.978794,119.947757
莒光-西莒坤坵沙灘(郵輪式公車),去程,3,有榕路,25.970016,119.938535
莒光-西莒坤坵沙灘(郵輪式公車),去程,4,陳元帥廟,25.968243,119.93657
莒光-西莒坤坵沙灘(郵輪式公車),去程,5,坤坵與蛇島,25.974015,119.930486
莒光-西莒坤坵沙灘(郵輪式公車),去程,6,青帆港,25.969208,119.933646
莒光-西莒坤坵沙灘(郵輪式公車),回程,1,青帆港,25.969208,119.933646
莒光-西莒坤坵沙灘(郵輪式公車),回程,2,菜浦澳,25.978794,119.947757
莒光-西莒坤坵沙灘(郵輪式公車),回程,3,有榕路,25.970016,119.938535
莒光-西莒坤坵沙灘(郵輪式公車),回程,4,坤坵與蛇島,25.974015,119.930486
莒光-西莒坤坵沙灘(郵輪式公車),回程,5,陳元帥廟,25.968243,119.93657
莒光-西莒坤坵沙灘(郵輪式公車),回程,6,青帆港,25.969208,119.933646
東引-國之北疆線(上午，郵輪式公車),去程,1,東引鄉公所(起站),26.3671974,120.4899213
東引-國之北疆線(上午，郵輪式公車),去程,2,東引遊客中心,26.3600879,120.4840028
東引-國之北疆線(上午，郵輪式公車),去程,3,東引燈塔,26.365776,120.510473
東引-國之北疆線(上午，郵輪式公車),去程,4,烈女義坑,26.368295,120.507291
東引-國之北疆線(上午，郵輪式公車),去程,5,一線天,26.366257,120.505242
東引-國之北疆線(上午，郵輪式公車),去程,6,安東坑道,26.365266,120.49626
東引-國之北疆線(上午，郵輪式公車),去程,7,國之北疆,26.383042,120.476111
東引-國之北疆線(上午，郵輪式公車),去程,8,東引鄉公所(迄站),26.3671974,120.4899213
東引-國之北疆線(上午，郵輪式公車),回程,1,東引鄉公所,26.3671974,120.4899213
東引-國之北疆線(上午，郵輪式公車),回程,2,東引遊客中心,26.3600879,120.4840028
東引-國之北疆線(上午，郵輪式公車),回程,3,東引燈塔,26.365776,120.510473
東引-國之北疆線(上午，郵輪式公車),回程,4,烈女義坑,26.368295,120.507291
東引-國之北疆線(上午，郵輪式公車),回程,5,一線天,26.366257,120.505242
東引-國之北疆線(上午，郵輪式公車),回程,6,安東坑道,26.365266,120.49626
東引-國之北疆線(上午，郵輪式公車),回程,7,國之北疆,26.383042,120.476111
東引-國之北疆線(上午，郵輪式公車),回程,8,東引鄉公所(,26.3671974,120.4899213
東引-國之北疆線(下午，郵輪式公車),去程,1,東引鄉公所(起站),26.3671974,120.4899213
東引-國之北疆線(下午，郵輪式公車),去程,2,東引遊客中心,26.3600879,120.4840028
東引-國之北疆線(下午，郵輪式公車),去程,3,東引燈塔,26.365776,120.510473
東引-國之北疆線(下午，郵輪式公車),去程,4,烈女義坑,26.3677942,120.5066617
東引-國之北疆線(下午，郵輪式公車),去程,5,一線天,26.3752251,120.4927514
東引-國之北疆線(下午，郵輪式公車),去程,6,安東坑道,26.365266,120.49626
東引-國之北疆線(下午，郵輪式公車),去程,7,國之北疆,26.383042,120.476111
東引-國之北疆線(下午，郵輪式公車),去程,8,東引鄉公所(訖站),26.3671974,120.4899213
東引-國之北疆線(下午，郵輪式公車),回程,1,東引鄉公所(起站),26.3671974,120.4899213
東引-國之北疆線(下午，郵輪式公車),回程,2,東引遊客中心,26.3600879,120.4840028
東引-國之北疆線(下午，郵輪式公車),回程,3,東引燈塔,26.365776,120.510473
東引-國之北疆線(下午，郵輪式公車),回程,4,烈女義坑,26.3677942,120.5066617
東引-國之北疆線(下午，郵輪式公車),回程,5,一線天,26.3752251,120.4927514
東引-國之北疆線(下午，郵輪式公車),回程,6,酒廠展示中心,26.364458,120.490489
東引-國之北疆線(下午，郵輪式公車),回程,7,安東坑道,26.365266,120.49626
東引-國之北疆線(下午，郵輪式公車),回程,8,三山據點,26.372554,120.470502
東引-國之北疆線(下午，郵輪式公車),回程,9,國之北疆,26.383042,120.476111
東引-國之北疆線(下午，郵輪式公車),回程,10,經國亭,26.37055,120.484043
東引-國之北疆線(下午，郵輪式公車),回程,11,忠誠門,26.367192,120.48671
東引-國之北疆線(下午，郵輪式公車),回程,12,酒廠展示中心,26.3646391,120.4902828
"南竿-東線北海坑道線(上午,郵輪式公車)",去程,1,介壽公車總站,26.155656,119.952303
"南竿-東線北海坑道線(上午,郵輪式公車)",去程,2,馬祖酒廠+八八坑道,26.161461,119.951904
"南竿-東線北海坑道線(上午,郵輪式公車)",去程,3,240大砲連,26.14738,119.942004
"南竿-東線北海坑道線(上午,郵輪式公車)",去程,4,大漢據點+北海坑道+遊客中心,26.143975,119.928948
"南竿-東線北海坑道線(上午,郵輪式公車)",去程,5,鐵堡,26.142195,119.921208
"南竿-東線北海坑道線(上午,郵輪式公車)",去程,6,津沙聚落,26.146329,119.91367
"南竿-東線北海坑道線(上午,郵輪式公車)",去程,7,馬港站,26.15899042,119.9185862
"南竿-東線北海坑道線(上午,郵輪式公車)",回程,1,馬港站,26.15899042,119.9185862
"南竿-東線北海坑道線(上午,郵輪式公車)",回程,2,津沙聚落,26.146329,119.91367
"南竿-東線北海坑道線(上午,郵輪式公車)",回程,3,鐵堡,26.142195,119.921208
"南竿-東線北海坑道線(上午,郵輪式公車)",回程,4,大漢據點+北海坑道+遊客中心,26.143975,119.928948
"南竿-東線北海坑道線(上午,郵輪式公車)",回程,5,240大砲連,26.14738,119.942004
"南竿-東線北海坑道線(上午,郵輪式公車)",回程,6,馬祖酒廠+八八坑道,26.161461,119.951904
"南竿-東線北海坑道線(上午,郵輪式公車)",回程,7,介壽公車總站,26.155656,119.952303
北竿-戰爭和平公園線(下午，郵輪式公車),去程,1,塘岐村,26.224309,119.999354
北竿-戰爭和平公園線(下午，郵輪式公車),去程,2,戰爭和平公園,26.220833,120.00852
北竿-戰爭和平公園線(下午，郵輪式公車),去程,3,塘后沙灘,26.223074,120.00487
北竿-戰爭和平公園線(下午，郵輪式公車),去程,4,壁山觀景台,26.225409,119.992469
北竿-戰爭和平公園線(下午，郵輪式公車),去程,5,北竿遊客中心,26.216594,119.974575
北竿-戰爭和平公園線(下午，郵輪式公車),去程,6,馬祖播音站,26.22492508,119.9789172
北竿-戰爭和平公園線(下午，郵輪式公車),去程,7,芹壁聚落,26.224946,119.983668
北竿-戰爭和平公園線(下午，郵輪式公車),去程,8,白沙港,26.20531,119.9688
北竿-戰爭和平公園線(下午，郵輪式公車),去程,9,塘岐村,26.224309,119.999354
北竿-戰爭和平公園線(下午，郵輪式公車),回程,1,白沙港,26.20531,119.9688
北竿-戰爭和平公園線(下午，郵輪式公車),回程,2,塘岐村,26.224309,119.999354
北竿-戰爭和平公園線(下午，郵輪式公車),回程,3,芹壁聚落,26.224946,119.983668
北竿-戰爭和平公園線(下午，郵輪式公車),回程,4,北竿遊客中心,26.216594,119.974575
北竿-戰爭和平公園線(下午，郵輪式公車),回程,5,壁山觀景台,26.225409,119.992469
北竿-戰爭和平公園線(下午，郵輪式公車),回程,6,橋仔聚落,26.235135,119.993742
北竿-戰爭和平公園線(下午，郵輪式公車),回程,7,塘后沙灘,26.223074,120.00487
北竿-戰爭和平公園線(下午，郵輪式公車),回程,8,戰爭和平公園,26.220833,120.00852
北竿-戰爭和平公園線(下午，郵輪式公車),回程,9,塘岐村,26.224309,119.999354
濱海奇基線,去程,1,基隆轉運站,25.133121,121.739474
濱海奇基線,去程,2,仙洞巖(佛手洞),25.145383,121.748105
濱海奇基線,去程,3,廟口夜市(仁二路二信循環站),25.129978,121.743312
濱海奇基線,去程,4,基隆要塞司令部,25.141611,121.762958
濱海奇基線,去程,5,正濱漁港(和平橋頭原民會館),25.153027,121.769713
濱海奇基線,去程,6,和平島,25.156386,121.764851
濱海奇基線,去程,7,和平島地質公園入口,25.160552,121.763708
濱海奇基線,去程,8,八斗子漁港(碧砂泊區漁貨直銷中心),25.143962,121.78676
濱海奇基線,去程,9,海洋科技博物館(潮境公園碧水巷),25.140087,121.798454
濱海奇基線,去程,10,八斗子車站,25.136594,121.801972
濱海奇基線,回程,1,八斗子車站,25.136594,121.801972
濱海奇基線,回程,2,海洋科技博物館(潮境公園碧水巷),25.140087,121.798454
濱海奇基線,回程,3,八斗子漁港(碧砂泊區漁貨直銷中心),25.143962,121.78676
濱海奇基線,回程,4,和平島,25.156386,121.764851
濱海奇基線,回程,5,和平島地質公園入口,25.160552,121.763708
濱海奇基線,回程,6,正濱漁港(和平橋頭原民會館),25.153027,121.769713
濱海奇基線,回程,7,基隆要塞司令部,25.141611,121.762958
濱海奇基線,回程,8,廟口夜市(仁二路二信循環站),25.129978,121.743312
濱海奇基線,回程,9,仙洞巖(佛手洞),25.145383,121.748105
濱海奇基線,回程,10,基隆轉運站,25.133121,121.739474
F線-尋城趣文化小旅行線(週日，郵輪式公車),去程,1,金城車站,24.432953,118.320106
F線-尋城趣文化小旅行線(週日，郵輪式公車),去程,2,官路邊古官道,24.411983,118.311573
F線-尋城趣文化小旅行線(週日，郵輪式公車),去程,3,北門,24.403203,118.307746
F線-尋城趣文化小旅行線(週日，郵輪式公車),去程,4,古地城隍廟,24.401879,118.305733
F線-尋城趣文化小旅行線(週日，郵輪式公車),去程,5,西門甕城,24.402509,118.30428
F線-尋城趣文化小旅行線(週日，郵輪式公車),去程,6,舊城牆,24.400573,118.302733
F線-尋城趣文化小旅行線(週日，郵輪式公車),去程,7,睢陽著節廟,24.40014,118.303706
F線-尋城趣文化小旅行線(週日，郵輪式公車),去程,8,南門、金酒舊廠,24.399563,118.304946
F線-尋城趣文化小旅行線(週日，郵輪式公車),去程,9,葉華成故居,24.399563,118.304946
F線-尋城趣文化小旅行線(週日，郵輪式公車),去程,10,文台寶塔、虛江嘯臥碣群,24.398446,118.30624
F線-尋城趣文化小旅行線(週日，郵輪式公車),去程,11,漢影雲根碣,24.393956,118.31292
F線-尋城趣文化小旅行線(週日，郵輪式公車),去程,12,環古崗湖,24.392926,118.316146
F線-尋城趣文化小旅行線(週日，郵輪式公車),去程,13,東門,24.400823,118.310693
F線-尋城趣文化小旅行線(週日，郵輪式公車),去程,14,魯王疑塚,24.400896,118.310786
F線-尋城趣文化小旅行線(週日，郵輪式公車),去程,15,金城車站,24.432953,118.320106
F線-尋城趣文化小旅行線(週日，郵輪式公車),回程,1,金城車站,24.432953,118.320106
F線-尋城趣文化小旅行線(週日，郵輪式公車),回程,2,官路邊古官道,24.400896,118.310786
F線-尋城趣文化小旅行線(週日，郵輪式公車),回程,3,北門,24.400823,118.310693
F線-尋城趣文化小旅行線(週日，郵輪式公車),回程,4,古地城隍廟,24.392926,118.316146
F線-尋城趣文化小旅行線(週日，郵輪式公車),回程,5,西門甕城,24.393956,118.31292
F線-尋城趣文化小旅行線(週日，郵輪式公車),回程,6,舊城牆,24.398446,118.30624
F線-尋城趣文化小旅行線(週日，郵輪式公車),回程,7,睢陽著節廟,24.399563,118.304946
F線-尋城趣文化小旅行線(週日，郵輪式公車),回程,8,南門、金酒舊廠,24.399563,118.304946
F線-尋城趣文化小旅行線(週日，郵輪式公車),回程,9,葉華成故居,24.40014,118.303706
F線-尋城趣文化小旅行線(週日，郵輪式公車),回程,10,文台寶塔、虛江嘯臥碣群,24.400573,118.302733
F線-尋城趣文化小旅行線(週日，郵輪式公車),回程,11,漢影雲根碣,24.402509,118.30428
F線-尋城趣文化小旅行線(週日，郵輪式公車),回程,12,環古崗湖,24.401879,118.305733
F線-尋城趣文化小旅行線(週日，郵輪式公車),回程,13,東門,24.403203,118.307746
F線-尋城趣文化小旅行線(週日，郵輪式公車),回程,14,魯王疑塚,24.411983,118.311573
F線-尋城趣文化小旅行線(週日，郵輪式公車),回程,15,金城車站,24.432953,118.320106
媽宮湖西線(郵輪式公車),去程,1,馬公港站,23.563121,119.56482
媽宮湖西線(郵輪式公車),去程,2,公車總站,23.567563,119.564442
媽宮湖西線(郵輪式公車),去程,3,自由塔站,23.57012,119.5713
媽宮湖西線(郵輪式公車),去程,4,第三漁港站(雅霖)站,23.568177,119.573861
媽宮湖西線(郵輪式公車),去程,5,元泰、百世多麗站,23.563273,119.583703
媽宮湖西線(郵輪式公車),去程,6,澎湖機場站,23.559903,119.629503
媽宮湖西線(郵輪式公車),去程,7,北寮奎壁山,23.59614266,119.6702605
媽宮湖西線(郵輪式公車),去程,8,南寮社區,23.576027,119.679465
媽宮湖西線(郵輪式公車),去程,9,龍門閉鎖陣地,23.555717,119.675522
媽宮湖西線(郵輪式公車),去程,10,澎湖機場站,23.559903,119.629503
媽宮湖西線(郵輪式公車),去程,11,澎湖生活博物館,23.566658,119.578949
媽宮湖西線(郵輪式公車),去程,12,元泰、百世多麗站,23.563273,119.583703
媽宮湖西線(郵輪式公車),去程,13,第三漁港站(雅霖)站,23.568177,119.573861
媽宮湖西線(郵輪式公車),去程,14,自由塔站,23.57012,119.5713
媽宮湖西線(郵輪式公車),去程,16,公車總站,23.567563,119.564442
媽宮湖西線(郵輪式公車),去程,17,馬公港站,23.563121,119.56482
車埕線,去程,1,日月潭,23.86661,120.91129
車埕線,去程,2,馥麗飯店,23.867566,120.909085
車埕線,去程,3,水社,23.86703,120.90255
車埕線,去程,4,水社壩,23.861918,120.900458
車埕線,去程,5,向山行政中心,23.85219,120.90133
車埕線,去程,6,月牙灣,23.847383,120.901072
車埕線,去程,7,頭社國小,23.838,120.90089
車埕線,去程,8,頭社派出所,23.833966,120.896288
車埕線,去程,9,頭社,23.830711,120.895119
車埕線,去程,10,日月潭特色遊學中心,23.818529,120.88689
車埕線,去程,11,銃櫃,23.817224,120.883952
車埕線,去程,12,大平林,23.807343,120.884274
車埕線,去程,13,柑子林,23.804479,120.86832
車埕線,去程,14,頂崁,23.79524,120.86867
車埕線,去程,15,迴窯,23.798746,120.864383
車埕線,去程,16,蛇窯,23.801351,120.862407
車埕線,去程,17,社子,23.806408,120.860308
車埕線,去程,18,水里國中,23.809617,120.857094
車埕線,去程,19,水里鄉公所,23.811265,120.855725
車埕線,去程,20,電力公司,23.814603,120.855253
車埕線,去程,21,水里,23.818081,120.853931
車埕線,去程,22,大灣,23.825965,120.857664
車埕線,去程,23,振昌木廠,23.82888,120.86277
車埕線,去程,24,車埕,23.832109,120.866175
車埕線,回程,1,車埕,23.866506,120.911234
車埕線,回程,2,振昌木廠,23.867566,120.909085
車埕線,回程,3,大灣,23.867157,120.90269
車埕線,回程,4,水里,23.86188,120.90043
車埕線,回程,5,電力公司,23.852311,120.901464
車埕線,回程,6,水里鄉公所,23.845458,120.901438
車埕線,回程,7,水里國中,23.83786,120.90088
車埕線,回程,8,社子,23.833899,120.896591
車埕線,回程,9,蛇窯,23.83056,120.89512
車埕線,回程,10,迴窯,23.818529,120.88689
車埕線,回程,11,頂崁,23.81713,120.88408
車埕線,回程,12,柑子林,23.80693,120.88421
車埕線,回程,13,大平林,23.80458,120.86848
車埕線,回程,14,銃櫃,23.79538,120.86878
車埕線,回程,15,日月潭特色遊學中心,23.7988,120.86434
車埕線,回程,16,頭社,23.801206,120.862626
車埕線,回程,17,頭社派出所,23.80643,120.86015
車埕線,回程,18,頭社國小,23.80952,120.85693
車埕線,回程,19,月牙灣,23.81124,120.85572
車埕線,回程,20,向山行政中心,23.81456,120.85515
車埕線,回程,21,水社壩,23.818215,120.854353
車埕線,回程,22,水社,23.82596,120.85748
車埕線,回程,23,馥麗飯店,23.828931,120.862745
車埕線,回程,24,日月潭,23.832109,120.866175
雲林草嶺線(周三-周日運行),去程,1,斗六火車站,23.711918,120.540095
雲林草嶺線(周三-周日運行),去程,2,鎮西國小,23.707783,120.539327
雲林草嶺線(周三-周日運行),去程,3,水岸藝術公園,23.700877,120.541275
雲林草嶺線(周三-周日運行),去程,4,成大醫院,23.702708,120.54469
雲林草嶺線(周三-周日運行),去程,5,受天宮,23.703739,120.544948
雲林草嶺線(周三-周日運行),去程,6,勞工育樂中心,23.680588,120.552202
雲林草嶺線(周三-周日運行),去程,7,環球科技大學側門,23.681224,120.555285
雲林草嶺線(周三-周日運行),去程,8,東和,23.683424,120.569267
雲林草嶺線(周三-周日運行),去程,9,荷苞厝,23.667923,120.580274
雲林草嶺線(周三-周日運行),去程,10,荷苞山桐花公園,23.66399,120.586827
雲林草嶺線(周三-周日運行),去程,11,早寮,23.655566,120.595054
雲林草嶺線(周三-周日運行),去程,12,二坪仔,23.647876,120.612242
雲林草嶺線(周三-周日運行),去程,13,東內寮,23.634677,120.659115
雲林草嶺線(周三-周日運行),去程,14,小旗仔,23.626169,120.655266
雲林草嶺線(周三-周日運行),去程,15,檳榔宅,23.626222,120.655632
雲林草嶺線(周三-周日運行),去程,16,外湖,23.606116,120.680432
雲林草嶺線(周三-周日運行),去程,17,內湖,23.606979,120.686844
雲林草嶺線(周三-周日運行),去程,19,新草嶺國小,23.587084,120.694045
雲林草嶺線(周三-周日運行),去程,19,草嶺公園,23.585065,120.694685
雲林草嶺線(周三-周日運行),去程,20,草嶺,23.581489,120.693523
雲林草嶺線(周三-周日運行),去程,21,東碧山莊,23.609618,120.709866
雲林草嶺線(周三-周日運行),回程,1,東碧山莊,23.609618,120.709866
雲林草嶺線(周三-周日運行),回程,2,草嶺,23.581489,120.693523
雲林草嶺線(周三-周日運行),回程,3,草嶺公園,23.58492,120.69482
雲林草嶺線(周三-周日運行),回程,4,新草嶺國小,23.587244,120.694132
雲林草嶺線(周三-周日運行),回程,5,內湖,23.607454,120.687062
雲林草嶺線(周三-周日運行),回程,6,外湖,23.605718,120.681064
雲林草嶺線(周三-周日運行),回程,7,檳榔宅,23.621952,120.657654
雲林草嶺線(周三-周日運行),回程,8,小旗仔,23.626222,120.655632
雲林草嶺線(周三-周日運行),回程,9,東內寮,23.633916,120.659278
雲林草嶺線(周三-周日運行),回程,10,二坪仔,23.647876,120.612242
雲林草嶺線(周三-周日運行),回程,11,早寮,23.655566,120.595054
雲林草嶺線(周三-周日運行),回程,12,荷苞山桐花公園,23.664059,120.586889
雲林草嶺線(周三-周日運行),回程,13,荷苞厝,23.667923,120.580274
雲林草嶺線(周三-周日運行),回程,14,東和,23.68346,120.569366
雲林草嶺線(周三-周日運行),回程,15,環球科技大學側門,23.681145,120.554415
雲林草嶺線(周三-周日運行),回程,16,勞工育樂中心,23.681009,120.552052
雲林草嶺線(周三-周日運行),回程,17,受天宮,23.703796,120.550027
雲林草嶺線(周三-周日運行),回程,18,成大醫院,23.702961,120.544572
雲林草嶺線(周三-周日運行),回程,19,水岸藝術公園,23.70079,120.541299
雲林草嶺線(周三-周日運行),回程,20,鎮西國小,23.707809,120.539481
雲林草嶺線(周三-周日運行),回程,21,斗六火車站,23.711918,120.540095
神山線(預約成行，郵輪式公車),去程,1,屏東轉運站,22.669673,120.484816
神山線(預約成行，郵輪式公車),去程,2,谷川大橋遊憩區,22.746776,120.706271
神山線(預約成行，郵輪式公車),去程,3,神山部落(霧台鄉公所),22.749232,120.727804
神山線(預約成行，郵輪式公車),去程,4,霧台部落,22.744393,120.732097
神山線(預約成行，郵輪式公車),去程,5,禮納里部落,22.699893,120.644193
神山線(預約成行，郵輪式公車),去程,6,屏東轉運站,22.669673,120.484816
神山線(預約成行，郵輪式公車),回程,1,屏東轉運站,22.669673,120.484816
神山線(預約成行，郵輪式公車),回程,2,禮納里部落,22.699893,120.644193
神山線(預約成行，郵輪式公車),回程,3,霧台部落,22.744393,120.732097
神山線(預約成行，郵輪式公車),回程,4,神山部落(霧台鄉公所),22.749232,120.727804
神山線(預約成行，郵輪式公車),回程,5,谷川大橋遊憩區,22.746776,120.706271
神山線(預約成行，郵輪式公車),回程,6,屏東轉運站,22.669673,120.484816
東眼山線,去程,1,大溪總站,24.88114,121.28801
東眼山線,去程,2,大溪站,24.88034,121.28962
東眼山線,去程,3,三層(打鐵寮古道),24.85896,121.29503
東眼山線,去程,4,經國紀念館(北橫遊客中心),24.8491,121.2855
東眼山線,去程,5,草嶺腳(富田農場),24.84275,121.28714
東眼山線,去程,6,慈湖,24.84044,121.29196
東眼山線,去程,7,湳溝(舊百吉隧道),24.835475,121.302323
東眼山線,去程,8,百吉(五路財神廟),24.825433,121.31083
東眼山線,去程,9,水流東(大溪老茶廠),24.83208,121.32913
東眼山線,去程,10,角板山公園,24.818698,121.350787
東眼山線,去程,11,志繼部落,24.82319,121.37937
東眼山線,去程,12,農產品竹涼亭,24.83427,121.38903
東眼山線,去程,13,東眼山國家森林遊樂區,24.83152,121.4079
東眼山線,回程,1,東眼山國家森林遊樂區,24.8322,121.40868
東眼山線,回程,2,農產品竹涼亭,24.83425,121.38896
東眼山線,回程,3,志繼部落,24.82336,121.37953
東眼山線,回程,4,角板山公園,24.818698,121.350787
東眼山線,回程,5,水流東(大溪老茶廠),24.83208,121.32913
東眼山線,回程,6,百吉(五路財神廟),24.825433,121.31083
東眼山線,回程,7,湳溝(舊百吉隧道),24.835475,121.302323
東眼山線,回程,8,慈湖,24.84044,121.29196
東眼山線,回程,9,草嶺腳(富田農場),24.84272,121.28726
東眼山線,回程,10,經國紀念館(北橫遊客中心),24.8491,121.2855
東眼山線,回程,11,三層(打鐵寮古道),24.85896,121.29503
東眼山線,回程,12,大溪站,24.88034,121.28962
東眼山線,回程,13,大溪總站,24.88114,121.28801
大鵬灣琉球線,去程,1,高鐵左營站,22.68721,120.30888
大鵬灣琉球線,去程,2,鹽琉線船運服務中心,22.47047,120.43733
大鵬灣琉球線,去程,3,東琉線碼頭站,22.468456,120.445193
大鵬灣琉球線,去程,4,輔英醫院,22.46525,120.453815
大鵬灣琉球線,去程,5,東港轉運站,22.4646262,120.457684
大鵬灣琉球線,去程,6,濱灣碼頭站,22.437515,120.474546
大鵬灣琉球線,去程,7,大鵬灣遊客中心,22.45689,120.479785
大鵬灣琉球線,回程,1,大鵬灣遊客中心,22.45689,120.4798
大鵬灣琉球線,回程,2,濱灣碼頭站,22.437793,120.4747
大鵬灣琉球線,回程,3,東港轉運站,22.4646262,120.457684
大鵬灣琉球線,回程,4,輔英醫院,22.4656,120.4538
大鵬灣琉球線,回程,5,東琉線碼頭站,22.468456,120.4452
大鵬灣琉球線,回程,6,鹽琉線船運服務中心,22.47047,120.43733
大鵬灣琉球線,回程,7,高鐵左營站,22.68721,120.9089
宜蘭東北角海岸線,去程,1,礁溪轉運站,24.83103,121.7779
宜蘭東北角海岸線,去程,2,白石腳,24.83551,121.78285
宜蘭東北角海岸線,去程,3,頭城站,24.85854,121.82603
宜蘭東北角海岸線,去程,4,烏石港轉運站,24.86879,121.83496
宜蘭東北角海岸線,去程,5,東北角風景區外澳站,24.87807,121.84109
宜蘭東北角海岸線,去程,6,外澳(外澳火車站),24.88329,121.84568
宜蘭東北角海岸線,去程,7,更新漁港(龜山火車站),24.90514,121.86983
宜蘭東北角海岸線,去程,8,北關(北關海潮公園),24.91462,121.8795
宜蘭東北角海岸線,去程,9,大溪(大溪火車站),24.93947,121.89199
宜蘭東北角海岸線,去程,10,新港(大溪漁港),24.94147,121.89949
宜蘭東北角海岸線,去程,11,天公廟(大里遊客中心),24.96909,121.92476
宜蘭東北角海岸線,去程,12,石城服務區,24.98366,121.95946
宜蘭東北角海岸線,去程,13,馬崗 (三貂角燈塔),25.01131,122.001798
宜蘭東北角海岸線,回程,1,馬崗 (三貂角燈塔),25.01131,122.001798
宜蘭東北角海岸線,回程,2,石城服務區,24.98366,121.95946
宜蘭東北角海岸線,回程,3,天公廟(大里遊客中心),24.96931,121.9249
宜蘭東北角海岸線,回程,4,新港(大溪漁港),24.94199,121.89761
宜蘭東北角海岸線,回程,5,大溪(大溪火車站),24.93928,121.89128
宜蘭東北角海岸線,回程,6,北關(北關海潮公園),24.91482,121.87938
宜蘭東北角海岸線,回程,7,更新漁港(龜山火車站),24.90518,121.86967
宜蘭東北角海岸線,回程,8,外澳(外澳火車站),24.88332,121.8455
宜蘭東北角海岸線,回程,9,東北角風景區外澳站,24.87734,121.84014
宜蘭東北角海岸線,回程,10,烏石港轉運站,24.86879,121.83496
宜蘭東北角海岸線,回程,11,頭城站,24.85794,121.82553
宜蘭東北角海岸線,回程,12,白石腳,24.83572,121.78286
宜蘭東北角海岸線,回程,13,礁溪轉運站,24.83088,121.77764
清境線,去程,1,埔里總站,23.96848,120.96246
清境線,去程,2,埔里轉運站,23.96352,120.96915
清境線,去程,7,中心碑,23.974038,120.979812
清境線,去程,10,榮民醫院,23.97875,120.99311
清境線,去程,12,臺一農場,23.97804,121.00671
清境線,去程,16,觀音山莊,23.99197,121.02822
清境線,去程,17,觀音瀑布,23.99390606,121.0326223
清境線,去程,18,獅子頭,23.99695514,121.039212
清境線,去程,19,錦吉蝴蝶館,23.99790725,121.043148
清境線,去程,20,鳥踏坑,23.997976,121.046834
清境線,去程,24,南豐,23.995915,121.070383
清境線,去程,26,楓樹林,24.00031216,121.0810385
清境線,去程,27,新內山加油站,24.00276,121.08489
清境線,去程,28,南山溪,24.00462061,121.0885504
清境線,去程,29,天主堂,24.00594,121.09318
清境線,去程,30,眉溪,24.01162528,121.1026279
清境線,去程,34,霧社,24.022188,121.132225
清境線,去程,37,以馬內利,24.03681,121.14685
清境線,去程,38,五里坡,24.03453,121.14938
清境線,去程,39,茲心園,24.033346,121.154366
清境線,去程,40,清境龍莊,24.037676,121.157496
清境線,去程,41,壽亭,24.03907,121.15826
清境線,去程,42,見晴山莊,24.041125,121.158028
清境線,去程,43,清境國小,24.04373,121.15809
清境線,去程,45,國民賓館,24.04438,121.155763
清境線,去程,46,清境農場旅服中心,24.046801,121.156186
清境線,去程,47,觀山牧區,24.054777,121.162036
清境線,去程,48,青青草原,24.059367,121.163782
清境線,去程,49,娜嚕灣,24.06294,121.16754
清境線,去程,50,蘋果園,24.06493,121.16752
清境線,去程,51,富嘉果園,24.0665,121.16797
清境線,去程,52,仁莊,24.06805,121.16787
清境線,去程,53,挪威森林,24.07216,121.16882
清境線,去程,54,松崗,24.07412,121.16886
清境線,去程,55,梅峰,24.08973,121.17445
清境線,去程,57,翠峰,24.10625,121.19874
清境線,回程,1,翠峰,24.10625,121.19874
清境線,回程,3,梅峰,24.089972,121.173768
清境線,回程,4,松崗,24.07406357,121.1686376
清境線,回程,5,挪威森林,24.072164,121.16858
清境線,回程,6,仁莊,24.067938,121.1676
清境線,回程,7,富嘉果園,24.066568,121.167748
清境線,回程,8,蘋果園,24.064805,121.16733
清境線,回程,9,娜嚕灣,24.06301,121.167421
清境線,回程,10,青青草原,24.059351,121.163744
清境線,回程,11,觀山牧區,24.05493,121.16207
清境線,回程,12,清境農場旅服中心,24.04684,121.15601
清境線,回程,13,國民賓館,24.044255,121.155578
清境線,回程,15,清境國小,24.043879,121.158059
清境線,回程,16,見晴山莊,24.04146,121.15797
清境線,回程,17,壽亭,24.03902,121.15816
清境線,回程,18,清境龍莊,24.03748,121.156873
清境線,回程,19,茲心園,24.033321,121.154324
清境線,回程,20,五里坡,24.03453,121.14938
清境線,回程,21,以馬內利,24.037126,121.146523
清境線,回程,24,霧社,24.02225,121.1321
清境線,回程,28,眉溪,24.011643,121.102583
清境線,回程,29,天主堂,24.00597663,121.0929895
清境線,回程,30,南山溪,24.004664,121.088548
清境線,回程,31,新內山加油站,24.00287,121.08481
清境線,回程,32,楓樹林,24.00036,121.08095
清境線,回程,34,南豐,23.995997,121.070333
清境線,回程,38,鳥踏坑,23.998052,121.046398
清境線,回程,39,錦吉蝴蝶館,23.99799,121.04266
清境線,回程,40,獅子頭,23.99709,121.03918
清境線,回程,41,觀音瀑布,23.99400349,121.0323154
清境線,回程,42,觀音山莊,23.991832,121.028143
清境線,回程,46,臺一農場,23.97833,121.00712
清境線,回程,48,榮民醫院,23.978797,120.993784
清境線,回程,51,中心碑,23.97347,120.97884
清境線,回程,56,埔里轉運站,23.96352,120.96915
清境線,回程,57,埔里總站,23.96848,120.96246
東埔線,去程,1,集集火車站,23.82687,120.78428
東埔線,去程,2,水里,23.81806,120.85383
東埔線,去程,3,水里國中,23.80951,120.85694
東埔線,去程,4,蛇窯,23.80121,120.86263
東埔線,去程,5,頂崁,23.79424,120.86894
東埔線,去程,6,郡坑,23.74228,120.8577
東埔線,去程,7,安村,23.73377,120.855
東埔線,去程,8,檢查站,23.70245,120.85361
東埔線,去程,9,信義農會,23.68892,120.86168
東埔線,去程,10,豐丘,23.66611,120.8738
東埔線,去程,11,筆石,23.63891,120.8844
東埔線,去程,12,土場,23.62113,120.8938
東埔線,去程,13,同富國中,23.59467,120.88865
東埔線,去程,14,龍城,23.59076,120.89346
東埔線,去程,15,泰山,23.57215,120.91267
東埔線,去程,16,發電所,23.56526,120.91723
東埔線,去程,17,馬希哈蘭,23.56841,120.91763
東埔線,去程,18,達谷蘭,23.56528,120.92104
東埔線,去程,19,東埔,23.56138,120.92453
東埔線,回程,1,東埔,23.561415,120.924605
東埔線,回程,2,達谷蘭,23.56528,120.92104
東埔線,回程,3,馬希哈蘭,23.56836,120.9175
東埔線,回程,4,發電所,23.56516,120.91723
東埔線,回程,5,泰山,23.57216,120.9127
東埔線,回程,6,龍城,23.59091,120.89368
東埔線,回程,7,同富國中,23.59468,120.88859
東埔線,回程,8,土場,23.62109,120.89392
東埔線,回程,9,筆石,23.64699,120.88204
東埔線,回程,10,豐丘,23.66614,120.87389
東埔線,回程,11,信義農會,23.68894,120.86159
東埔線,回程,12,檢查站,23.70247,120.85361
東埔線,回程,13,安村,23.73383,120.85517
東埔線,回程,14,郡坑,23.74231,120.85775
東埔線,回程,15,頂崁,23.79438,120.86897
東埔線,回程,16,蛇窯,23.80132,120.86264
東埔線,回程,17,水里國中,23.8096,120.85712
東埔線,回程,18,水里站,23.81806,120.85383
東埔線,回程,19,集集火車站,23.82696,120.78428
玉長豐濱線(郵輪式公車),去程,1,玉里火車站,23.331378,121.312265
玉長豐濱線(郵輪式公車),去程,2,安通溫泉,23.2808,121.3413
玉長豐濱線(郵輪式公車),去程,3,寧埔休憩區,23.248855,121.417972
玉長豐濱線(郵輪式公車),去程,4,長濱鄉公所,23.3148,121.4516
玉長豐濱線(郵輪式公車),去程,5,奚卜蘭遊客中心,23.46629,121.4888
玉長豐濱線(郵輪式公車),去程,6,石梯坪,23.49085,121.5087
玉長豐濱線(郵輪式公車),去程,7,北回歸線,23.45225,121.4966
玉長豐濱線(郵輪式公車),去程,8,金剛大道,23.33021,121.4485
玉長豐濱線(郵輪式公車),去程,9,金剛好事館,23.32635,121.4609
玉長豐濱線(郵輪式公車),去程,10,長濱鄉公所,23.3149,121.4516
玉長豐濱線(郵輪式公車),去程,11,寧埔休憩區,23.248861,121.417806
玉長豐濱線(郵輪式公車),去程,12,安通溫泉,23.281,121.3412
玉長豐濱線(郵輪式公車),去程,13,玉里火車站,23.331378,121.312265
玉長豐濱線(郵輪式公車),回程,1,玉里火車站,23.331378,121.312265
玉長豐濱線(郵輪式公車),回程,2,安通溫泉,23.2808,121.3413
玉長豐濱線(郵輪式公車),回程,3,寧埔休憩區,23.248855,121.417972
玉長豐濱線(郵輪式公車),回程,4,長濱鄉公所,23.3148,121.4516
玉長豐濱線(郵輪式公車),回程,5,奚卜蘭遊客中心,23.46629,121.4888
玉長豐濱線(郵輪式公車),回程,6,石梯坪,23.49085,121.5087
玉長豐濱線(郵輪式公車),回程,7,北回歸線,23.45225,121.4966
玉長豐濱線(郵輪式公車),回程,8,金剛大道,23.33021,121.4485
玉長豐濱線(郵輪式公車),回程,9,金剛好事館,23.32635,121.4609
玉長豐濱線(郵輪式公車),回程,10,長濱鄉公所,23.3149,121.4516
玉長豐濱線(郵輪式公車),回程,11,寧埔休憩區,23.248861,121.417806
玉長豐濱線(郵輪式公車),回程,12,安通溫泉,23.281,121.3412
玉長豐濱線(郵輪式公車),回程,13,玉里火車站,23.331378,121.312265
太魯閣線,去程,1,花蓮轉運站,23.99308,121.60331
太魯閣線,去程,2,花蓮文創園區,23.975555,121.604166
太魯閣線,去程,3,東大門夜市,23.974444,121.610833
太魯閣線,去程,4,花蓮醫院(將軍府),23.9794444,121.611388
太魯閣線,去程,5,松園別館,23.981388,121.618611
太魯閣線,去程,6,美崙濱海公園,23.983055,121.622777
太魯閣線,去程,7,石雕博物館,23.988333,121.6294444
太魯閣線,去程,8,海岸中興路口,23.992777,121.633888
太魯閣線,去程,9,台肥花蓮深層海水園區,24.006666,121.639166
太魯閣線,去程,10,花蓮觀光漁港,23.998611,121.641388
太魯閣線,去程,11,東華大學美崙校區,24.01046,121.618
太魯閣線,去程,12,花蓮曼波園區(華西路),24.02361,121.62944
太魯閣線,去程,13,七星潭,24.03076,121.62637
太魯閣線,去程,14,北埔,24.0364,121.60503
太魯閣線,去程,15,康樂村(慈濟精舍),24.05113,121.60518
太魯閣線,去程,16,光隆博物館,24.059166,121.606388
太魯閣線,去程,17,玩味蕃樂園,24.07181,121.6085
太魯閣線,去程,18,新城老街,24.126388,121.651666
太魯閣線,去程,19,新城公園,24.128333,121.649166
太魯閣線,去程,20,新城火車站,24.12774,121.64127
太魯閣線,去程,21,達基力藝術文化基地,24.1575,121.650277
太魯閣線,去程,22,亞洲水泥廠,24.1339,121.64001
太魯閣線,去程,23,太魯閣,24.15359,121.62362
太魯閣線,去程,24,太魯閣遊客中心,24.15871,121.62174
太魯閣線,回程,1,太魯閣遊客中心,24.15871,121.62174
太魯閣線,回程,2,太魯閣,24.15349,121.62334
太魯閣線,回程,3,亞洲水泥廠,24.13351,121.64031
太魯閣線,回程,4,達基力藝術文化基地,24.1575,121.650277
太魯閣線,回程,5,新城火車站,24.12774,121.64127
太魯閣線,回程,6,新城公園,24.128333,121.648888
太魯閣線,回程,7,新城老街,24.126111,121.651666
太魯閣線,回程,8,玩味蕃樂園,24.07184,121.6082
太魯閣線,回程,9,光隆博物館,24.059166,121.606111
太魯閣線,回程,10,康樂村(慈濟精舍),24.05075,121.60487
太魯閣線,回程,11,北埔,24.03629,121.60594
太魯閣線,回程,12,七星潭,24.03119,121.62612
太魯閣線,回程,13,花蓮曼波園區(華西路),24.02348,121.6291
太魯閣線,回程,14,東華大學美崙校區,24.01048,121.61773
太魯閣線,回程,15,花蓮觀光漁港,23.998611,121.641388
太魯閣線,回程,16,台肥花蓮深層海水園區,24.006666,121.639166
太魯閣線,回程,17,海岸中興路口,23.993055,121.633611
太魯閣線,回程,18,石雕博物館,23.988611,121.629722
太魯閣線,回程,19,美崙濱海公園,23.982972,121.623055
太魯閣線,回程,20,松園別館,23.981111,121.618888
太魯閣線,回程,21,花蓮醫院(將軍府),23.979999,121.611388
太魯閣線,回程,22,東大門夜市,23.974444,121.610833
太魯閣線,回程,23,花蓮文創園區,23.975555,121.604166
太魯閣線,回程,24,花蓮轉運站,23.99308,121.60331
"南竿-西線媽祖巨神像線(下午西線,郵輪式公車)",去程,1,馬港站(起站),26.15914,119.91816
"南竿-西線媽祖巨神像線(下午西線,郵輪式公車)",去程,2,天后宮,26.15826142,119.9184764
"南竿-西線媽祖巨神像線(下午西線,郵輪式公車)",去程,3,藍眼淚生態館,26.16792,119.919385
"南竿-西線媽祖巨神像線(下午西線,郵輪式公車)",去程,4,媽祖巨神像,26.16078284,119.9169627
"南竿-西線媽祖巨神像線(下午西線,郵輪式公車)",去程,5,雲台山,26.150694,119.923514
"南竿-西線媽祖巨神像線(下午西線,郵輪式公車)",去程,6,勝利山莊,26.153489,119.935307
"南竿-西線媽祖巨神像線(下午西線,郵輪式公車)",去程,7,民俗文物館,26.151366,119.935256
"南竿-西線媽祖巨神像線(下午西線,郵輪式公車)",去程,8,介壽公車總站,26.155656,119.952303
"南竿-西線媽祖巨神像線(下午西線,郵輪式公車)",回程,1,馬港站(起站),26.15914,119.91816
"南竿-西線媽祖巨神像線(下午西線,郵輪式公車)",回程,2,天后宮(媽祖巨神像),26.15826142,119.9184764
"南竿-西線媽祖巨神像線(下午西線,郵輪式公車)",回程,3,藍眼淚生態館,26.16792,119.919385
"南竿-西線媽祖巨神像線(下午西線,郵輪式公車)",回程,4,媽祖巨神像,26.16078284,119.9169627
"南竿-西線媽祖巨神像線(下午西線,郵輪式公車)",回程,5,雲台山,26.150694,119.923514
"南竿-西線媽祖巨神像線(下午西線,郵輪式公車)",回程,6,勝利山莊,26.153489,119.935307
"南竿-西線媽祖巨神像線(下午西線,郵輪式公車)",回程,7,民俗文物館,26.151366,119.935256
"南竿-西線媽祖巨神像線(下午西線,郵輪式公車)",回程,8,介壽公車總站,26.155656,119.952303
東部海岸線(一日行程，郵輪式公車),去程,1,臺東轉運站,22.751588,121.14805
東部海岸線(一日行程，郵輪式公車),去程,2,台東火車站,22.79282,121.12345
東部海岸線(一日行程，郵輪式公車),去程,3,小野柳,22.79523,121.19549
東部海岸線(一日行程，郵輪式公車),去程,4,加路蘭,22.806483,121.19675
東部海岸線(一日行程，郵輪式公車),去程,6,阿美民俗中心,23.01843,121.3248
東部海岸線(一日行程，郵輪式公車),去程,7,成功漁港,23.09883,121.38183
東部海岸線(一日行程，郵輪式公車),去程,8,成功,23.105,121.38
東部海岸線(一日行程，郵輪式公車),去程,9,三仙台遊憩區,23.12339,121.40753
東部海岸線(一日行程，郵輪式公車),去程,10,水往上流,22.976739,121.305024
東部海岸線(一日行程，郵輪式公車),去程,12,台東火車站,22.79282,121.12345
東部海岸線(一日行程，郵輪式公車),去程,13,臺東轉運站,22.751588,121.14805
東部海岸線(一日行程，郵輪式公車),回程,1,臺東轉運站,22.751588,121.14805
東部海岸線(一日行程，郵輪式公車),回程,2,臺鐵臺東站,22.79282,121.12345
東部海岸線(一日行程，郵輪式公車),回程,3,小野柳,22.79523,121.19549
東部海岸線(一日行程，郵輪式公車),回程,4,金樽休憩區,22.94535,121.2799
東部海岸線(一日行程，郵輪式公車),回程,5,阿美民俗中心,23.01843,121.3248
東部海岸線(一日行程，郵輪式公車),回程,6,成功漁港,23.09883,121.38183
東部海岸線(一日行程，郵輪式公車),回程,7,成功,23.105,121.38
東部海岸線(一日行程，郵輪式公車),回程,8,三仙台遊憩區,23.12339,121.40753
東部海岸線(一日行程，郵輪式公車),回程,9,東河橋,22.976739,121.305024
東部海岸線(一日行程，郵輪式公車),回程,10,都蘭糖廠,22.87171,121.22613
東部海岸線(一日行程，郵輪式公車),回程,11,臺鐵臺東站,22.79282,121.12345
東部海岸線(一日行程，郵輪式公車),回程,12,臺東轉運站,22.751588,121.14805
東部海岸線_藝術行旅(上午半日，郵輪式公車),去程,1,台東轉運站,22.75203002,121.1474706
東部海岸線_藝術行旅(上午半日，郵輪式公車),去程,2,台東火車站,22.79394916,121.1231522
東部海岸線_藝術行旅(上午半日，郵輪式公車),去程,3,阿美族民俗中心樽休憩區,23.01849201,121.3250203
東部海岸線_藝術行旅(上午半日，郵輪式公車),去程,4,江賢二藝術園區,22.95674938,121.2874061
東部海岸線_藝術行旅(上午半日，郵輪式公車),回程,1,江賢二藝術園區民俗中心,22.95674938,121.2874061
東部海岸線_藝術行旅(上午半日，郵輪式公車),回程,2,台東火車站,22.79394916,121.1231522
東部海岸線_藝術行旅(上午半日，郵輪式公車),回程,3,台東轉運站,22.75203002,121.1474706
東部海岸線(下午~晚上行程，郵輪式公車),去程,1,臺東轉運站,22.751588,121.14805
東部海岸線(下午~晚上行程，郵輪式公車),去程,2,台東火車站,22.79282,121.12345
東部海岸線(下午~晚上行程，郵輪式公車),去程,3,加路蘭,22.806483,121.19675
東部海岸線(下午~晚上行程，郵輪式公車),去程,4,阿美民俗中心,23.01843,121.3248
東部海岸線(下午~晚上行程，郵輪式公車),去程,6,都蘭糖廠,22.87171,121.22613
東部海岸線(下午~晚上行程，郵輪式公車),去程,7,小野柳,22.79523,121.19549
東部海岸線(下午~晚上行程，郵輪式公車),去程,8,台東火車站,22.79282,121.12345
東部海岸線(下午~晚上行程，郵輪式公車),去程,9,臺東轉運站,22.751588,121.14805
東部海岸線(下午~晚上行程，郵輪式公車),回程,1,臺東轉運站,22.751588,121.14805
東部海岸線(下午~晚上行程，郵輪式公車),回程,2,台東火車站,22.79282,121.12345
東部海岸線(下午~晚上行程，郵輪式公車),回程,3,加路蘭,22.806483,121.19675
東部海岸線(下午~晚上行程，郵輪式公車),回程,4,阿美民俗中心,23.01843,121.3248
東部海岸線(下午~晚上行程，郵輪式公車),回程,5,東河橋,22.976739,121.305024
東部海岸線(下午~晚上行程，郵輪式公車),回程,6,都蘭糖廠,22.87171,121.22613
東部海岸線(下午~晚上行程，郵輪式公車),回程,7,小野柳,22.79523,121.19549
東部海岸線(下午~晚上行程，郵輪式公車),回程,8,台東火車站,22.79282,121.12345
東部海岸線(下午~晚上行程，郵輪式公車),回程,9,臺東轉運站,22.751588,121.14805
菱波官田線,去程,1,新營站,23.30752,120.32217
菱波官田線,去程,2,尖山埤渡假村,23.26694,120.39269
菱波官田線,去程,3,烏山頭水庫,23.2135,120.36401
菱波官田線,去程,4,官田遊客中心,23.188419,120.33634
菱波官田線,去程,5,隆田火車站,23.192637,120.318918
菱波官田線,去程,6,臺南水道博物館,23.097016,120.358882
菱波官田線,去程,7,善化啤酒廠,23.127742,120.317104
菱波官田線,去程,8,善化轉運站,23.13354,120.305997
菱波官田線,回程,1,善化轉運站,23.13354,120.305997
菱波官田線,回程,2,善化啤酒廠,23.127742,120.317104
菱波官田線,回程,3,臺南水道博物館,23.097016,120.358882
菱波官田線,回程,4,隆田火車站,23.192637,120.318918
菱波官田線,回程,5,官田遊客中心,23.188419,120.33634
菱波官田線,回程,6,烏山頭水庫,23.21346,120.36409
菱波官田線,回程,7,尖山埤渡假村,23.26694,120.39269
菱波官田線,回程,8,新營站,23.30752,120.32217
臺中時尚城中城線,去程,1,臺中車站(成功路口),24.13830105,120.6854105
臺中時尚城中城線,去程,2,民權繼光街口,24.13705251,120.6810189
臺中時尚城中城線,去程,3,臺中州廳,24.13910253,120.6786552
臺中時尚城中城線,去程,4,臺中醫院,24.14094669,120.6765801
臺中時尚城中城線,去程,5,民權中華路口,24.14245328,120.6748389
臺中時尚城中城線,去程,6,臺中教育大學,24.14453614,120.6725293
臺中時尚城中城線,去程,7,五權民生路口,24.14473373,120.6702739
臺中時尚城中城線,去程,8,五權自立街口,24.14298018,120.6684695
臺中時尚城中城線,去程,9,大墩文化中心(五權路),24.14076557,120.6661238
臺中時尚城中城線,去程,10,五權五廊街口,24.13845212,120.6655555
臺中時尚城中城線,去程,11,美術園道(五權五街),24.136589,120.662725
臺中時尚城中城線,去程,12,美村五權五街口,24.13688785,120.6617843
臺中時尚城中城線,去程,13,美術館(美村路),24.13948947,120.6618294
臺中時尚城中城線,去程,14,向上國中,24.14314483,120.6618114
臺中時尚城中城線,去程,15,美村向上路口,24.14609209,120.6617843
臺中時尚城中城線,去程,16,美村向上北路口,24.14819959,120.6617753
臺中時尚城中城線,去程,17,美村公益路口,24.15050462,120.6617753
臺中時尚城中城線,去程,18,草悟道(市民廣場),24.15075159,120.6646262
臺中時尚城中城線,去程,19,科學博物館(健行路),24.15638937,120.663172
臺中時尚城中城線,去程,20,忠明高中,24.15810158,120.6643177
臺中時尚城中城線,去程,21,植物園(西屯路),24.15825798,120.6667536
臺中時尚城中城線,去程,22,西屯英才路口,24.15565674,120.6687294
臺中時尚城中城線,去程,23,英才民權路口,24.15564028,120.6709668
臺中時尚城中城線,去程,24,篤行國小,24.15562381,120.6729516
臺中時尚城中城線,去程,25,五權國中,24.15562997,120.6787908
臺中時尚城中城線,去程,26,中山堂,24.15507979,120.6816707
臺中時尚城中城線,去程,27,五權學士路口,24.15368036,120.6839352
臺中時尚城中城線,去程,28,莒光新城,24.15396244,120.6878293
臺中時尚城中城線,去程,29,臺灣體大體育場,24.15206908,120.6884067
臺中時尚城中城線,去程,30,臺中一中,24.14952533,120.6873602
臺中時尚城中城線,去程,31,臺灣體大游泳池,24.1467675,120.6860881
臺中時尚城中城線,去程,32,立體停車場(自由路),24.14288996,120.6873421
臺中時尚城中城線,去程,33,自由富台東街口,24.14266768,120.6904907
臺中時尚城中城線,去程,34,自由進德路口,24.14256889,120.6920876
臺中時尚城中城線,去程,35,秀泰廣場,24.14034604,120.6923222
臺中時尚城中城線,去程,36,秀泰影城,24.14023078,120.6897239
臺中時尚城中城線,去程,37,國軍英雄館,24.14022255,120.6878203
臺中時尚城中城線,去程,38,臺中車站(成功路口)左環,24.13830105,120.6854105
臺中時尚城中城線,回程,1,臺中車站(民族路口),24.13642526,120.6835502
臺中時尚城中城線,回程,2,臺中車站(D月台),24.13769013,120.6866027
臺中時尚城中城線,回程,3,國軍英雄館,24.13995011,120.6877266
臺中時尚城中城線,回程,4,秀泰影城,24.1399155,120.6906095
臺中時尚城中城線,回程,5,自由進德路口,24.14285947,120.6920181
臺中時尚城中城線,回程,6,自由富台東街口,24.14295844,120.6905699
臺中時尚城中城線,回程,7,立體停車場(自由路),24.14309815,120.6882606
臺中時尚城中城線,回程,8,臺中公園(雙十路),24.14408778,120.6862575
臺中時尚城中城線,回程,9,臺灣體大游泳池,24.14707991,120.6864744
臺中時尚城中城線,回程,10,臺中一中,24.14940254,120.6875333
臺中時尚城中城線,回程,11,臺灣體大體育場,24.15256918,120.6888539
臺中時尚城中城線,回程,12,莒光新城,24.15407679,120.6882287
臺中時尚城中城線,回程,13,五權學士路口,24.15390217,120.6837759
臺中時尚城中城線,回程,14,中山堂,24.15521768,120.6819258
臺中時尚城中城線,回程,15,五權國中,24.15584633,120.6794251
臺中時尚城中城線,回程,16,篤行國小,24.1558042,120.6730458
臺中時尚城中城線,回程,17,英才民權路口,24.15582066,120.6709167
臺中時尚城中城線,回程,18,西屯英才路口,24.15570542,120.6689409
臺中時尚城中城線,回程,19,植物園(西屯路),24.15837678,120.6669799
臺中時尚城中城線,回程,20,忠明高中,24.15798097,120.6639178
臺中時尚城中城線,回程,21,科學博物館(臺灣大道),24.1550473,120.6629482
臺中時尚城中城線,回程,22,草悟道(市民廣場),24.15099594,120.664543
臺中時尚城中城線,回程,23,美村公益路口,24.15034398,120.6615319
臺中時尚城中城線,回程,24,美村向上北路口,24.14831824,120.6615064
臺中時尚城中城線,回程,25,美村向上路口,24.14625754,120.6615447
臺中時尚城中城線,回程,26,向上國中,24.14390737,120.6615708
臺中時尚城中城線,回程,27,美術館(美村路),24.13947997,120.6615561
臺中時尚城中城線,回程,28,美術園道(五權五街),24.136589,120.662725
臺中時尚城中城線,回程,29,五權五廊街口,24.13814844,120.6658691
臺中時尚城中城線,回程,30,大墩文化中心(五權路),24.14065484,120.6665343
臺中時尚城中城線,回程,31,五權自立街口,24.14300455,120.6690448
臺中時尚城中城線,回程,32,五權民生路口,24.14435561,120.6703967
臺中時尚城中城線,回程,33,臺中教育大學,24.1446689,120.6718773
臺中時尚城中城線,回程,34,民權中華路口,24.14222132,120.6745809
臺中時尚城中城線,回程,35,臺中醫院,24.14065484,120.6765979
臺中時尚城中城線,回程,36,臺中州廳,24.13897086,120.6785077
臺中時尚城中城線,回程,37,民權繼光街口,24.13683647,120.6809109
臺中時尚城中城線,回程,38,臺中車站(民族路口)右環,24.13642526,120.6835502
瑞里線(假日行駛),去程,1,嘉義火車站,23.47773,120.44088
瑞里線(假日行駛),去程,2,檜意森活村(北門),23.48642,120.45429
瑞里線(假日行駛),去程,3,竹崎火車站(親水公園),23.52627,120.55371
瑞里線(假日行駛),去程,4,東水道(文峰遊客中心),23.51758,120.59336
瑞里線(假日行駛),去程,5,金獅廣福宮,23.5153,120.60537
瑞里線(假日行駛),去程,6,金獅奉茶亭,23.51279,120.6135
瑞里線(假日行駛),去程,7,出水坑,23.52165,120.63109
瑞里線(假日行駛),去程,8,太興岩,23.53577,120.63426
瑞里線(假日行駛),去程,9,雲潭瀑布,23.53166,120.65627
瑞里線(假日行駛),去程,10,圓潭生態園區,23.52919,120.65912
瑞里線(假日行駛),去程,11,源興宮,23.5391,120.67351
瑞里線(假日行駛),去程,12,瑞里(瑞太古道),23.54332,120.6832
瑞里線(假日行駛),去程,13,瑞太資訊站,23.54427,120.68768
瑞里線(假日行駛),回程,1,瑞太資訊站,23.54427,120.68768
瑞里線(假日行駛),回程,2,瑞里(瑞太古道),23.54343,120.68336
瑞里線(假日行駛),回程,3,源興宮,23.53943,120.67355
瑞里線(假日行駛),回程,4,圓潭生態園區,23.52905,120.65966
瑞里線(假日行駛),回程,5,雲潭瀑布,23.53161,120.65643
瑞里線(假日行駛),回程,6,太興岩,23.53633,120.63522
瑞里線(假日行駛),回程,7,出水坑,23.52145,120.63083
瑞里線(假日行駛),回程,8,金獅奉茶亭,23.51339,120.61328
瑞里線(假日行駛),回程,9,金獅廣福宮,23.51557,120.60523
瑞里線(假日行駛),回程,10,東水道(文峰遊客中心),23.51758,120.59336
瑞里線(假日行駛),回程,11,竹崎火車站(親水公園),23.52614,120.55335
瑞里線(假日行駛),回程,12,檜意森活村(北門),23.48653,120.45417
瑞里線(假日行駛),回程,13,嘉義火車站,23.47876,120.44161
溪頭線-彰化出發,去程,1,員客二林站,23.90008,120.36983
溪頭線-彰化出發,去程,2,合興,23.89214,120.45775
溪頭線-彰化出發,去程,3,北斗,23.87298,120.5234
溪頭線-彰化出發,去程,4,高鐵彰化站,23.87476,120.57527
溪頭線-彰化出發,去程,5,車籠埔斷層保存園區,23.79465,120.71075
溪頭線-彰化出發,去程,6,初鄉,23.76527,120.73524
溪頭線-彰化出發,去程,7,鹿彰,23.74575,120.75223
溪頭線-彰化出發,去程,8,廣興,23.73748,120.76189
溪頭線-彰化出發,去程,9,內湖,23.72036,120.7782
溪頭線-彰化出發,去程,10,溪頭(停車場),23.6763,120.79678
溪頭線-彰化出發,回程,1,溪頭(停車場),23.6763,120.79678
溪頭線-彰化出發,回程,2,內湖,23.72036,120.7782
溪頭線-彰化出發,回程,3,廣興,23.73748,120.76189
溪頭線-彰化出發,回程,4,鹿彰,23.74575,120.75223
溪頭線-彰化出發,回程,5,初鄉,23.76527,120.73524
溪頭線-彰化出發,回程,6,車籠埔斷層保存園區,23.79465,120.71075
溪頭線-彰化出發,回程,7,高鐵彰化站,23.87476,120.57527
溪頭線-彰化出發,回程,8,北斗,23.87298,120.5234
溪頭線-彰化出發,回程,9,合興,23.89214,120.45775
溪頭線-彰化出發,回程,10,員客二林站,23.90008,120.36983
185沿山可愛咖線(預約成行，郵輪式公車),去程,1,屏東轉運站,22.66948,120.48527
185沿山可愛咖線(預約成行，郵輪式公車),去程,2,水門轉運站,22.7099,120.63608
185沿山可愛咖線(預約成行，郵輪式公車),去程,3,原住民文化園區,22.707387,120.652192
185沿山可愛咖線(預約成行，郵輪式公車),去程,4,涼山遊憩區,22.68659331,120.6408788
185沿山可愛咖線(預約成行，郵輪式公車),去程,5,隘寮社區 ,22.69675771,120.6319716
185沿山可愛咖線(預約成行，郵輪式公車),去程,6,屏東可可巧克力園區,22.57280996,120.5985365
185沿山可愛咖線(預約成行，郵輪式公車),去程,7,萬金社區,22.59514678,120.609626
185沿山可愛咖線(預約成行，郵輪式公車),去程,8,銘泉農場,22.66245295,120.6315927
185沿山可愛咖線(預約成行，郵輪式公車),去程,9,水門轉運站,22.7099,120.63608
185沿山可愛咖線(預約成行，郵輪式公車),去程,10,屏東轉運站,22.66948,120.48527
185沿山可愛咖線(預約成行，郵輪式公車),回程,1,屏東轉運站,22.66948,120.48527
185沿山可愛咖線(預約成行，郵輪式公車),回程,2,水門轉運站,22.7099,120.63608
185沿山可愛咖線(預約成行，郵輪式公車),回程,3,山川琉璃吊橋,22.708373,120.65301
185沿山可愛咖線(預約成行，郵輪式公車),回程,4,禮納里部落,22.70157,120.64641
185沿山可愛咖線(預約成行，郵輪式公車),回程,5,愛聊食堂,22.69747,120.62919
185沿山可愛咖線(預約成行，郵輪式公車),回程,6,屏東可可園區,22.57269,120.59825
185沿山可愛咖線(預約成行，郵輪式公車),回程,7,屏東咖啡園區,22.60804,120.61073
185沿山可愛咖線(預約成行，郵輪式公車),回程,8,銘泉農場,22.66239,120.63111
185沿山可愛咖線(預約成行，郵輪式公車),回程,9,水門轉運站,22.7099,120.63608
185沿山可愛咖線(預約成行，郵輪式公車),回程,10,屏東轉運站,22.66948,120.48527
埔里線,去程,1,臺中干城站,24.14101,120.68609
埔里線,去程,2,臺中車站(民族路口),24.136393,120.682989
埔里線,去程,3,民興公園(執行分署),24.128251,120.664366
埔里線,去程,4,捷運大慶站(建國北路),24.119098,120.647309
埔里線,去程,5,高鐵臺中站,24.1111419,120.6156501
埔里線,去程,6,埔里遊客中心,23.96961,120.930059
埔里線,去程,7,牛耳石雕公園,23.966321,120.944661
埔里線,去程,8,崎下,23.97099,120.94883
埔里線,去程,9,大成國小,23.97031,120.95145
埔里線,去程,10,榮民醫院,23.96891,120.95666
埔里線,去程,11,埔里酒廠,23.968064,120.96009
埔里線,去程,12,仁愛公園,23.9672364,120.9641675
埔里線,去程,13,中華電信,23.965713,120.966666
埔里線,去程,14,埔里站,23.96352,120.96915
埔里線,回程,1,埔里站,23.96352,120.96915
埔里線,回程,2,中華電信,23.96598,120.96664
埔里線,回程,3,仁愛公園,23.96743,120.96436
埔里線,回程,4,埔里酒廠,23.9680409,120.9606837
埔里線,回程,5,榮民醫院,23.969013,120.956782
埔里線,回程,6,大成國小,23.970303,120.951851
埔里線,回程,7,崎下,23.971173,120.948521
埔里線,回程,8,牛耳石雕公園,23.966458,120.944991
埔里線,回程,9,埔里遊客中心,23.969525,120.930441
埔里線,回程,10,高鐵臺中站,24.1111419,120.6156501
埔里線,回程,11,捷運大慶站(建國北路),24.119179,120.647945
埔里線,回程,12,五權車站,24.12901,120.66654
埔里線,回程,13,臺中車站(民族路口),24.136484,120.683855
埔里線,回程,14,臺中干城站,24.14101,120.68609
觀霧線,去程,1,高鐵新竹站,24.80716,121.04078
觀霧線,去程,2,竹東火車站,24.738017,121.094125
觀霧線,去程,3,軟橋彩繪村,24.6952,121.0974
觀霧線,去程,4,五峰清泉,24.575696,121.10387
觀霧線,去程,5,雲山民宿,24.53881,121.12643
觀霧線,去程,6,雪霸休閒農場,24.52596,121.11412
觀霧線,去程,7,觀霧遊客中心,24.50601,121.11345
觀霧線,去程,8,觀霧山莊,24.505113,121.114882
觀霧線,回程,1,觀霧山莊,24.505113,121.114882
觀霧線,回程,2,觀霧遊客中心,24.50601,121.11345
觀霧線,回程,3,雪霸休閒農場,24.52596,121.11412
觀霧線,回程,4,雲山民宿,24.53881,121.12643
觀霧線,回程,5,五峰清泉,24.575696,121.10387
觀霧線,回程,6,軟橋彩繪村,24.6952,121.0974
觀霧線,回程,7,竹東火車站,24.738017,121.094125
觀霧線,回程,8,高鐵新竹站,24.80716,121.04078
集集線,去程,1,干城站,24.14049,120.68583
集集線,去程,2,臺中車站(復興路),24.13564,120.68562
集集線,去程,3,高鐵臺中站,24.11098,120.61568
集集線,去程,4,名間國中,23.84689,120.69751
集集線,去程,5,濁水,23.83612,120.70438
集集線,去程,6,帽仔坑,23.8353,120.72321
集集線,去程,7,隘寮里(頂樂園),23.83463,120.73784
集集線,去程,8,龍泉,23.83463,120.75035
集集線,去程,9,楓子林,23.83291,120.75573
集集線,去程,10,林尾,23.82518,120.76829
集集線,去程,11,公館,23.82646,120.77498
集集線,去程,12,集集,23.8269,120.78424
集集線,去程,13,分局前,23.82857,120.78636
集集線,去程,14,民生集賢街口,23.8282,120.791
集集線,去程,15,街尾,23.81711,120.85015
集集線,去程,16,水里,23.81851,120.85516
集集線,回程,1,水里,23.81851,120.85516
集集線,回程,2,水里火車站,23.8181,120.85377
集集線,回程,3,民生集賢街口,23.8282,120.791
集集線,回程,4,分局前,23.82857,120.78636
集集線,回程,5,集集,23.8269,120.78424
集集線,回程,6,公館,23.82646,120.77498
集集線,回程,7,林尾,23.82518,120.76829
集集線,回程,8,楓子林,23.83291,120.75573
集集線,回程,9,龍泉,23.83463,120.75035
集集線,回程,10,隘寮里(頂樂園),23.83463,120.73784
集集線,回程,11,帽仔坑,23.8353,120.72321
集集線,回程,12,濁水,23.83612,120.70438
集集線,回程,13,名間國中,23.84689,120.69751
集集線,回程,14,高鐵臺中站,24.11098,120.61568
集集線,回程,15,臺中車站(復興路),24.13564,120.68562
集集線,回程,16,干城站,24.14049,120.68583
縱谷花蓮線一日遊303B(週二~週日行駛，郵輪式公車),去程,1,花蓮轉運站,23.993063,121.603181
縱谷花蓮線一日遊303B(週二~週日行駛，郵輪式公車),去程,2,慶修院,23.973846,121.563399
縱谷花蓮線一日遊303B(週二~週日行駛，郵輪式公車),去程,3,鯉魚潭潭北遊客中心,23.9351,121.50752
縱谷花蓮線一日遊303B(週二~週日行駛，郵輪式公車),去程,4,潭南遊憩區,23.92446,121.505568
縱谷花蓮線一日遊303B(週二~週日行駛，郵輪式公車),去程,5,花蓮觀光糖廠,23.657584,121.421494
縱谷花蓮線一日遊303B(週二~週日行駛，郵輪式公車),回程,1,花蓮觀光糖廠,23.657584,121.421494
縱谷花蓮線一日遊303B(週二~週日行駛，郵輪式公車),回程,2,雲山水,23.826582,121.512277
縱谷花蓮線一日遊303B(週二~週日行駛，郵輪式公車),回程,3,花蓮轉運站,23.993063,121.603181
縱谷花蓮線一日遊303C(週一行駛，郵輪式公車),去程,1,花蓮轉運站,23.993063,121.603181
縱谷花蓮線一日遊303C(週一行駛，郵輪式公車),去程,2,將軍府1936,23.98065561,121.6128623
縱谷花蓮線一日遊303C(週一行駛，郵輪式公車),去程,4,鯉魚潭潭北遊客中心,23.9351,121.50752
縱谷花蓮線一日遊303C(週一行駛，郵輪式公車),去程,5,潭南遊憩區,23.92446,121.505568
縱谷花蓮線一日遊303C(週一行駛，郵輪式公車),去程,6,花蓮觀光糖廠,23.657584,121.421494
縱谷花蓮線一日遊303C(週一行駛，郵輪式公車),回程,1,花蓮觀光糖廠,23.657584,121.421494
縱谷花蓮線一日遊303C(週一行駛，郵輪式公車),回程,2,雲山水,23.826582,121.512277
縱谷花蓮線一日遊303C(週一行駛，郵輪式公車),回程,3,花蓮轉運站,23.993063,121.603181
縱谷花蓮線半日遊303D(每日行駛，郵輪式公車),去程,1,花蓮轉運站,23.993063,121.603181
縱谷花蓮線半日遊303D(每日行駛，郵輪式公車),去程,2,豐之谷自然生態公園,23.865125,121.527539
縱谷花蓮線半日遊303D(每日行駛，郵輪式公車),去程,3,林田山外停車廠,23.718805,121.40202
縱谷花蓮線半日遊303D(每日行駛，郵輪式公車),去程,4,林田山中山堂,23.716434,121.398962
縱谷花蓮線半日遊303D(每日行駛，郵輪式公車),回程,1,林田山中山堂,23.716434,121.398962
縱谷花蓮線半日遊303D(每日行駛，郵輪式公車),回程,2,林田山外停車廠,23.718805,121.40202
縱谷花蓮線半日遊303D(每日行駛，郵輪式公車),回程,3,立川漁場,23.863444,121.523022
縱谷花蓮線半日遊303D(每日行駛，郵輪式公車),回程,4,花蓮轉運站,23.993063,121.603181
豐后線,去程,1,豐原轉運中心(第2月台),24.25435756,120.7241604
豐后線,去程,2,媽祖廟,24.25179084,120.7185052
豐后線,去程,3,中正圓環西路口,24.25066855,120.7109571
豐后線,去程,4,葫蘆墩公園(圓環西路),24.2550318,120.7110085
豐后線,去程,5,新惠生醫院,24.25803751,120.7197186
豐后線,去程,6,蜈蚣崎步道口,24.26733631,120.7488141
豐后線,去程,7,東豐/后豐鐵馬道,24.27186133,120.739767
豐后線,去程,8,動物之家后里園區,24.28633495,120.7097616
豐后線,去程,9,后里花田綠廊,24.28682941,120.7029223
豐后線,去程,10,后里游泳池,24.28820352,120.6999769
豐后線,去程,11,七星農場,24.29408386,120.723879
豐后線,去程,12,馬場三豐路口,24.29798833,120.7248429
豐后線,去程,13,后里馬場,24.29890861,120.7356237
豐后線,去程,14,內東大山路口,24.30742305,120.7308948
豐后線,去程,15,后里車站(后里國小),24.30939623,120.7294414
豐后線,去程,16,下后里,24.3091536,120.7212357
豐后線,去程,17,月眉糖廠,24.3135262,120.6950947
豐后線,去程,18,麗寶國際賽車場,24.31704033,120.6854402
豐后線,去程,19,麗寶樂園,24.32222333,120.6971676
豐后線,去程,20,泰安服務區,24.32694321,120.7165007
豐后線,去程,21,中社,24.33445392,120.7305156
豐后線,去程,22,泰安車站,24.33156322,120.7416435
豐后線,回程,1,泰安車站,24.33127661,120.7420742
豐后線,回程,2,中社,24.334562,120.7303803
豐后線,回程,3,泰安服務區,24.32701033,120.7166046
豐后線,回程,4,麗寶樂園,24.32222333,120.6971676
豐后線,回程,5,麗寶國際賽車場,24.31735605,120.6853079
豐后線,回程,6,月眉糖廠,24.31339406,120.694642
豐后線,回程,7,下后里,24.30890655,120.7216748
豐后線,回程,8,后里車站(后里國小),24.30931581,120.7302551
豐后線,回程,9,內東大山路口,24.30715234,120.7307667
豐后線,回程,10,后里馬場,24.29903049,120.7354448
豐后線,回程,11,馬場三豐路口,24.29820644,120.7247983
豐后線,回程,12,七星農場,24.29388073,120.7235664
豐后線,回程,13,后里游泳池,24.28820352,120.6999769
豐后線,回程,14,后里花田綠廊,24.28667088,120.7028949
豐后線,回程,15,動物之家后里園區,24.28611015,",120.709791704210"
豐后線,回程,16,東豐/后豐鐵馬道,24.27139193,120.7398346
豐后線,回程,17,蜈蚣崎步道口,24.2678612,120.7489047
豐后線,回程,18,新惠生醫院,24.25825702,120.7195257
豐后線,回程,19,葫蘆墩公園(圓環西路),24.2554226,120.7110777
豐后線,回程,20,中正圓環西路口,24.25033266,120.7099256
豐后線,回程,21,媽祖廟,24.25166199,120.7183105
豐后線,回程,22,豐原轉運中心(第2月台),24.25435756,120.7241604
日月潭溪頭線,去程,1,日月潭,23.86661,120.91129
日月潭溪頭線,去程,2,向山行政中心,23.8521851,120.9012629
日月潭溪頭線,去程,3,頭社,23.830711,120.895119
日月潭溪頭線,去程,4,頂崁,23.79524,120.86867
日月潭溪頭線,去程,5,蛇窯,23.80147,120.86272
日月潭溪頭線,去程,6,水里鄉公所,23.811265,120.855725
日月潭溪頭線,去程,7,電力公司(水里),23.815019,120.854945
日月潭溪頭線,去程,8,水里火車站,23.8179653,120.8538538
日月潭溪頭線,去程,9,集集,23.8269901,120.7843138
日月潭溪頭線,去程,10,社寮,23.81464,120.72246
日月潭溪頭線,去程,11,山腳,23.80432,120.715214
日月潭溪頭線,去程,12,秀傳醫院,23.8002248,120.7135123
日月潭溪頭線,去程,13,竹山交流道,23.792773,120.709343
日月潭溪頭線,去程,14,初鄉,23.765675,120.735152
日月潭溪頭線,去程,15,中興茶園,23.75251,120.74657
日月潭溪頭線,去程,16,鹿彰,23.7457026,120.7522936
日月潭溪頭線,去程,17,廣興,23.738276,120.760708
日月潭溪頭線,去程,18,廣興國小,23.734586,120.765726
日月潭溪頭線,去程,19,內湖,23.720324,120.778237
日月潭溪頭線,去程,20,內湖國小,23.712763,120.780254
日月潭溪頭線,去程,21,新明山,23.705295,120.781634
日月潭溪頭線,去程,22,崩崁頂,23.6955779,120.7854655
日月潭溪頭線,去程,23,彎坑,23.688741,120.790868
日月潭溪頭線,去程,24,米堤,23.68563,120.79343
日月潭溪頭線,去程,25,下溪頭,23.67871,120.79446
日月潭溪頭線,去程,26,溪頭,23.67306,120.79563
日月潭溪頭線,回程,1,溪頭,23.67306,120.79563
日月潭溪頭線,回程,2,下溪頭,23.6786799,120.7945953
日月潭溪頭線,回程,3,米堤,23.685636,120.7934828
日月潭溪頭線,回程,4,彎坑,23.68876,120.79094
日月潭溪頭線,回程,5,崩崁頂,23.6955155,120.7856095
日月潭溪頭線,回程,6,新明山,23.70529,120.78179
日月潭溪頭線,回程,7,內湖國小,23.712623,120.7804431
日月潭溪頭線,回程,8,內湖,23.7199517,120.7786572
日月潭溪頭線,回程,9,廣興國小,23.73495,120.76559
日月潭溪頭線,回程,10,廣興,23.73837,120.76082
日月潭溪頭線,回程,11,鹿彰,23.745806,120.752338
日月潭溪頭線,回程,12,中興茶園,23.752546,120.746576
日月潭溪頭線,回程,13,初鄉,23.764137,120.735662
日月潭溪頭線,回程,14,竹山交流道,23.7926059,120.7094668
日月潭溪頭線,回程,15,秀傳醫院,23.800507,120.713907
日月潭溪頭線,回程,16,山腳,23.80396,120.71513
日月潭溪頭線,回程,17,社寮,23.8146415,120.7225617
日月潭溪頭線,回程,18,集集,23.826877,120.784547
日月潭溪頭線,回程,19,水里火車站,23.8179653,120.8538538
日月潭溪頭線,回程,20,電力公司(水里),23.81447,120.85515
日月潭溪頭線,回程,21,水里鄉公所,23.81019,120.85604
日月潭溪頭線,回程,22,蛇窯,23.801206,120.862626
日月潭溪頭線,回程,23,頂崁,23.79538,120.86878
日月潭溪頭線,回程,24,頭社,23.83056,120.89512
日月潭溪頭線,回程,25,向山行政中心,23.8521851,120.9012629
日月潭溪頭線,回程,26,日月潭,23.866506,120.911234
瑞龍瀑布線,去程,1,竹山站,23.75415,120.68419
瑞龍瀑布線,去程,2,戶政前,23.75031,120.68007
瑞龍瀑布線,去程,3,地政,23.74982,120.67924
瑞龍瀑布線,去程,4,回窯,23.74666,120.67644
瑞龍瀑布線,去程,5,車店仔,23.73759,120.67011
瑞龍瀑布線,去程,6,半路店,23.73166,120.66753
瑞龍瀑布線,去程,7,過溪,23.72718,120.66738
瑞龍瀑布線,去程,8,鯉魚,23.72221,120.65723
瑞龍瀑布線,去程,9,鯉魚國小,23.71433,120.65496
瑞龍瀑布線,去程,10,照安寮,23.70449,120.65226
瑞龍瀑布線,去程,11,山仔頂,23.69475,120.64911
瑞龍瀑布線,去程,12,鯉南社區,23.69155,120.64998
瑞龍瀑布線,去程,13,山邊,23.68887,120.65151
瑞龍瀑布線,去程,14,木瓜潭,23.67596,120.65621
瑞龍瀑布線,去程,15,頂木瓜潭,23.67387,120.65715
瑞龍瀑布線,去程,16,瑞興橋,23.67132,120.66589
瑞龍瀑布線,去程,17,瑞竹,23.66243,120.66547
瑞龍瀑布線,去程,18,下山坪頂,23.6744,120.67296
瑞龍瀑布線,去程,19,山坪頂,23.67437,120.6759
瑞龍瀑布線,去程,20,瑞龍瀑布,23.66497,120.68852
瑞龍瀑布線,回程,1,瑞龍瀑布站,23.66497,120.68852
瑞龍瀑布線,回程,2,山坪頂,23.67437,120.6759
瑞龍瀑布線,回程,3,下山坪頂,23.6744,120.67296
瑞龍瀑布線,回程,4,瑞竹,23.66243,120.66547
瑞龍瀑布線,回程,5,瑞興橋,23.67132,120.66589
瑞龍瀑布線,回程,6,頂木瓜潭,23.67387,120.65715
瑞龍瀑布線,回程,7,木瓜潭,23.67596,120.65621
瑞龍瀑布線,回程,8,山邊,23.68887,120.65151
瑞龍瀑布線,回程,9,鯉南社區,23.69155,120.64998
瑞龍瀑布線,回程,10,山仔頂,23.69475,120.64911
瑞龍瀑布線,回程,11,照安寮,23.70449,120.65226
瑞龍瀑布線,回程,12,鯉魚國小,23.71433,120.65496
瑞龍瀑布線,回程,13,鯉魚,23.72221,120.65723
瑞龍瀑布線,回程,14,過溪,23.72718,120.66738
瑞龍瀑布線,回程,15,半路店,23.73166,120.66753
瑞龍瀑布線,回程,16,車店仔,23.73759,120.67011
瑞龍瀑布線,回程,17,回窯,23.74666,120.67644
瑞龍瀑布線,回程,18,地政,23.74982,120.67924
瑞龍瀑布線,回程,19,戶政前,23.75031,120.68007
瑞龍瀑布線,回程,20,竹山站,23.75415,120.68419
C線-獅山民俗村線(郵輪式公車，周二-日行駛),去程,1,山外車站,24.442393,118.413745
C線-獅山民俗村線(郵輪式公車，周二-日行駛),去程,2,山后民俗文化村,24.5032,118.4412
C線-獅山民俗村線(郵輪式公車，周二-日行駛),去程,3,獅山砲陣地,24.5036,118.434741
C線-獅山民俗村線(郵輪式公車，周二-日行駛),去程,4,馬山觀測所,24.52651,118.410044
C線-獅山民俗村線(郵輪式公車，周二-日行駛),去程,5,文化園區,24.502525,118.401565
C線-獅山民俗村線(郵輪式公車，周二-日行駛),去程,6,山外車站,24.442393,118.413745
雙龍線,去程,1,水里火車站,23.818081,120.853931
雙龍線,去程,2,電力公司(水里),23.81458154,120.8552014
雙龍線,去程,3,水里鄉公所,23.81016,120.85604
雙龍線,去程,4,水里國中,23.80953,120.85681
雙龍線,去程,5,蛇窯,23.801206,120.862636
雙龍線,去程,6,迴窯,23.7988,120.86434
雙龍線,去程,7,大灣,23.79167503,120.8961243
雙龍線,去程,8,松柏坑,23.78770259,120.9040805
雙龍線,去程,9,洽波石,23.7950987,120.914667
雙龍線,去程,10,下城,23.7952167,120.9160198
雙龍線,去程,11,民和國中,23.79573268,120.9181769
雙龍線,去程,12,茄苳腳,23.7968581,120.9214279
雙龍線,去程,13,民和,23.797662,120.9241778
雙龍線,去程,14,下糖埔,23.79521,120.92722
雙龍線,去程,15,國小前,23.78996,120.93262
雙龍線,去程,16,檢查站,23.789935,120.932705
雙龍線,去程,17,叉路口,23.79008716,120.9365855
雙龍線,去程,18,地利,23.79276,120.94338
雙龍線,去程,19,雙龍國小,23.78511,120.95019
雙龍線,去程,20,雙龍,23.78361947,120.9472578
雙龍線,回程,1,雙龍,23.78365,120.947185
雙龍線,回程,2,雙龍國小,23.78507,120.95016
雙龍線,回程,3,地利,23.79279,120.94351
雙龍線,回程,4,叉路口,23.79018,120.93649
雙龍線,回程,5,檢查站,23.78991,120.93279
雙龍線,回程,6,國小前,23.79334,120.92918
雙龍線,回程,7,下糖埔,23.79551,120.92713
雙龍線,回程,8,民和,23.79778,120.92408
雙龍線,回程,9,茄苳腳,23.79695,120.921315
雙龍線,回程,10,民和國中,23.795937,120.918116
雙龍線,回程,11,下城,23.79537,120.91608
雙龍線,回程,12,洽波石,23.79521,120.91464
雙龍線,回程,13,松柏坑,23.78776,120.90417
雙龍線,回程,14,大灣,23.79186,120.89607
雙龍線,回程,15,迴窯,23.798811,120.864384
雙龍線,回程,16,蛇窯,23.8014486,120.862718
雙龍線,回程,17,水里國中,23.809616,120.857095
雙龍線,回程,18,水里鄉公所,23.811281,120.85582
雙龍線,回程,19,電力公司(水里),23.815019,120.854945
雙龍線,回程,20,水里火車站,23.818081,120.853931
光林我嘉支線,去程,1,港坪運動公園,23.476037,120.422299
光林我嘉支線,去程,2,玉山郵局,23.472451,120.428148
光林我嘉支線,去程,3,嘉樂福觀光夜市,23.47206,120.4315
光林我嘉支線,去程,4,番子溝公園,23.474885,120.434007
光林我嘉支線,去程,5,大潤發(博愛路),23.478652,120.437469
光林我嘉支線,去程,6,嘉義市轉運中心,23.48008,120.43983
光林我嘉支線,去程,7,嘉義火車站,23.478755,120.441611
光林我嘉支線,去程,8,新光三越遠東站,23.47312,120.4422
光林我嘉支線,去程,9,文化路口,23.473768,120.450054
光林我嘉支線,去程,10,嘉邑城隍廟,23.4773691,120.453542
光林我嘉支線,去程,11,市政府(吳鳳北路),23.481725,120.452897
光林我嘉支線,去程,12,檜意森活村(北門),23.486408,120.454284
光林我嘉支線,去程,13,獄政博物館,23.484829,120.458283
光林我嘉支線,去程,14,嘉義高商(嘉義公園),23.482557,120.462941
光林我嘉支線,去程,15,嘉義高中(啟明路),23.4793941,120.4627651
光林我嘉支線,去程,16,嘉義高中,23.47865,120.462419
光林我嘉支線,去程,17,下山仔頂(大雅商圈),23.477409,120.468339
光林我嘉支線,去程,18,山仔頂,23.47762,120.47149
光林我嘉支線,去程,19,長竹巷,23.47777,120.47685
光林我嘉支線,去程,20,東山仔頂,23.47977,120.48013
光林我嘉支線,去程,21,崇仁護校,23.47999,120.48201
光林我嘉支線,去程,22,盧厝,23.48016,120.48449
光林我嘉支線,去程,23,東洋新村2,23.48387,120.48713
光林我嘉支線,去程,24,東洋新村1,23.48211,120.48285
光林我嘉支線,回程,1,東洋新村1,23.48211,120.48285
光林我嘉支線,回程,2,東洋新村2,23.48382,120.48706
光林我嘉支線,回程,3,盧厝,23.48029,120.48444
光林我嘉支線,回程,4,崇仁護校,23.47999,120.48201
光林我嘉支線,回程,5,東山仔頂,23.47996,120.48013
光林我嘉支線,回程,6,長竹巷,23.47777,120.47685
光林我嘉支線,回程,7,山仔頂,23.4778,120.47114
光林我嘉支線,回程,8,下山仔頂(大雅商圈),23.477665,120.469083
光林我嘉支線,回程,9,嘉義高中,23.476868,120.465225
光林我嘉支線,回程,10,嘉義高中(啟明路),23.47903,120.462868
光林我嘉支線,回程,11,嘉義高商(嘉義公園),23.482664,120.463003
光林我嘉支線,回程,12,獄政博物館,23.48644,120.4583502
光林我嘉支線,回程,13,檜意森活村(北門),23.48666,120.454846
光林我嘉支線,回程,14,市政府(吳鳳北路),23.482272,120.452592
光林我嘉支線,回程,15,嘉邑城隍廟,23.4768512,120.4534991
光林我嘉支線,回程,16,文化路口,23.47393,120.45051
光林我嘉支線,回程,17,新光三越遠東站,23.47328,120.44268
光林我嘉支線,回程,18,嘉義火車站,23.477689,120.440943
光林我嘉支線,回程,19,嘉義市轉運中心,23.480167,120.439723
光林我嘉支線,回程,20,大潤發(博愛路),23.478294,120.436725
光林我嘉支線,回程,21,番子溝公園,23.47502,120.433861
光林我嘉支線,回程,22,嘉樂福觀光夜市,23.47206,120.431196
光林我嘉支線,回程,23,玉山郵局,23.47255,120.4277
光林我嘉支線,回程,24,港坪運動公園,23.476037,120.422299
跑水求財線,去程,1,高鐵彰化站,23.87474,120.57512
跑水求財線,去程,2,市場前(田中老街),23.85904,120.58532
跑水求財線,去程,3,田中站,23.85748,120.59074
跑水求財線,去程,4,二水站,23.81303,120.61768
跑水求財線,去程,5,源泉,23.79964,120.6436
跑水求財線,去程,6,源泉派出所,23.8002335,120.6548173
跑水求財線,去程,7,下坑口 (二水生態教育館),23.811368,120.669601
跑水求財線,去程,8,靈山寺,23.820846,120.67855
跑水求財線,去程,9,濁水站,23.835603,120.704544
跑水求財線,去程,10,內政部消防署 訓練中心(紫南宮),23.81701,120.71784
跑水求財線,去程,11,竹山交流道,23.792861,120.70935
跑水求財線,去程,12,延平,23.765907,120.705207
跑水求財線,去程,13,合庫前,23.75794,120.684463
跑水求財線,去程,14,竹山站,23.75411,120.684158
跑水求財線,回程,1,竹山站,23.75411,120.684158
跑水求財線,回程,2,合庫前,23.757747,120.68444
跑水求財線,回程,3,延平,23.765598,120.705184
跑水求財線,回程,4,竹山交流道,23.79258,120.7095
跑水求財線,回程,5,內政部消防署 訓練中心(紫南宮),23.81701,120.71784
跑水求財線,回程,6,濁水站,23.835733,120.704551
跑水求財線,回程,7,靈山寺,23.820671,120.678306
跑水求財線,回程,8,下坑口 (二水生態教育館),23.811429,120.669494
跑水求財線,回程,9,源泉派出所,23.80037,120.65466
跑水求財線,回程,10,源泉,23.799682,120.643791
跑水求財線,回程,11,二水站,23.81303,120.61768
跑水求財線,回程,12,田中站,23.85748,120.59074
跑水求財線,回程,13,市場前(田中老街),23.8596,120.58536
跑水求財線,回程,14,高鐵彰化站,23.87474,120.57512
日月潭阿里山線,去程,1,日月潭,23.86666,120.9114
日月潭阿里山線,去程,2,向山行政中心 ,23.852212,120.901206
日月潭阿里山線,去程,3,頭社,23.830698,120.895195
日月潭阿里山線,去程,4,頂崁,23.794298,120.868949
日月潭阿里山線,去程,5,信義農會,23.69749,120.85382
日月潭阿里山線,去程,6,和社,23.591747,120.889083
日月潭阿里山線,去程,7,神木村,23.546276,120.86486
日月潭阿里山線,去程,8,草坪頭,23.55727,120.875267
日月潭阿里山線,去程,9,夫妻樹,23.512205,120.89093
日月潭阿里山線,去程,10,塔塔加,23.487577,120.890281
日月潭阿里山線,去程,11,上東埔,23.481117,120.885688
日月潭阿里山線,去程,12,石山,23.482431,120.8684
日月潭阿里山線,去程,13,自忠,23.48406,120.830337
日月潭阿里山線,去程,14,阿里山轉運站,23.508256,120.801437
日月潭阿里山線,回程,1,阿里山轉運站,23.508256,120.801437
日月潭阿里山線,回程,2,自忠,23.48406,120.830337
日月潭阿里山線,回程,3,石山,23.481901,120.868797
日月潭阿里山線,回程,4,上東埔,23.481239,120.885795
日月潭阿里山線,回程,5,塔塔加,23.487634,120.890403
日月潭阿里山線,回程,6,夫妻樹,23.512281,120.891036
日月潭阿里山線,回程,7,草坪頭,23.55727,120.875267
日月潭阿里山線,回程,8,神木村,23.546558,120.864707
日月潭阿里山線,回程,9,和社,23.592094,120.889114
日月潭阿里山線,回程,10,信義農會,23.6974732,120.8539338
日月潭阿里山線,回程,11,頂崁,23.794418,120.868957
日月潭阿里山線,回程,12,頭社,23.830568,120.895454
日月潭阿里山線,回程,13,向山行政中心 ,23.85219,120.901382
日月潭阿里山線,回程,14,日月潭,23.86648,120.9113
斗六竹山線,去程,1,斗六火車站,23.7118322,120.5403064
斗六竹山線,去程,2,石榴,23.72208,120.58283
斗六竹山線,去程,3,林內火車站,23.759223,120.616699
斗六竹山線,去程,4,地政,23.749809,120.679039
斗六竹山線,去程,5,竹山文化園區,23.74809,120.67952
斗六竹山線,去程,6,竹山,23.753642,120.68364
斗六竹山線,回程,1,竹山站,23.753642,120.68364
斗六竹山線,回程,2,竹山文化園區,23.74811,120.67906
斗六竹山線,回程,3,地政,23.74982,120.67924
斗六竹山線,回程,4,林內火車站,23.759437,120.616767
斗六竹山線,回程,5,石榴,23.72237,120.58279
斗六竹山線,回程,6,斗六火車站,23.7118322,120.5403064
東山咖啡線,去程,1,關子嶺勞工育樂中心,23.336538,120.50421
東山咖啡線,去程,2,關子嶺教會,23.334358,120.503053
東山咖啡線,去程,3,頂關子嶺,23.3337,120.50341
東山咖啡線,去程,4,南寮路口,23.32828,120.49783
東山咖啡線,去程,5,坪頂,23.32434,120.49996
東山咖啡線,去程,6,後坑,23.31818,120.49398
東山咖啡線,去程,7,石埤,23.31548,120.49407
東山咖啡線,去程,8,南寮,23.31402,120.49261
東山咖啡線,去程,9,過溪園,23.311349,120.491204
東山咖啡線,去程,10,淨蓮寺,23.306059,120.493726
東山咖啡線,去程,11,普照寺,23.300845,120.500539
東山咖啡線,去程,12,崁頂福安宮,23.299945,120.501343
東山咖啡線,去程,13,穆聖,23.290297,120.500623
東山咖啡線,去程,14,李子園小舖,23.287057,120.506197
東山咖啡線,去程,15,大鋤花間,23.284168,120.50101
東山咖啡線,去程,16,龍湖山農莊,23.278566,120.504974
東山咖啡線,去程,17,檳榔宅,23.275652,120.502333
東山咖啡線,去程,18,芝喜香咖啡,23.26891,120.491431
東山咖啡線,去程,19,冷水坑,23.261627,120.488938
東山咖啡線,去程,20,碧蓮寺,23.247263,120.481437
東山咖啡線,去程,21,橫路,23.238169,120.47616
東山咖啡線,去程,22,橫路休息站,23.234192,120.473858
東山咖啡線,回程,1,橫路休息站,23.234192,120.473858
東山咖啡線,回程,2,橫路,23.238169,120.476167
東山咖啡線,回程,3,碧蓮寺,23.247263,120.481437
東山咖啡線,回程,4,冷水坑,23.261627,120.488938
東山咖啡線,回程,5,芝喜香咖啡,23.26891,120.491431
東山咖啡線,回程,6,檳榔宅,23.275652,120.502333
東山咖啡線,回程,7,龍湖山農莊,23.278566,120.504974
東山咖啡線,回程,8,大鋤花間,23.284168,120.50101
東山咖啡線,回程,9,李子園小舖,23.287057,120.506197
東山咖啡線,回程,10,穆聖,23.290297,120.500623
東山咖啡線,回程,11,崁頂福安宮,23.299945,120.501343
東山咖啡線,回程,12,普照寺,23.300845,120.500539
東山咖啡線,回程,13,淨蓮寺,23.306059,120.493726
東山咖啡線,回程,14,過溪園,23.311349,120.491204
東山咖啡線,回程,15,南寮,23.31402,120.49261
東山咖啡線,回程,16,石埤,23.31548,120.49407
東山咖啡線,回程,17,後坑,23.31818,120.49398
東山咖啡線,回程,18,坪頂,23.32434,120.49996
東山咖啡線,回程,19,南寮路口,23.32828,120.49783
東山咖啡線,回程,20,頂關子嶺,23.3337,120.50341
東山咖啡線,回程,21,關子嶺教會,23.334358,120.503053
東山咖啡線,回程,22,關子嶺勞工育樂中心,23.336538,120.50421
梅嶺線(假日行駛),去程,1,玉井站,23.12395,120.46046
梅嶺線(假日行駛),去程,2,玉安街口,23.12568,120.46398
梅嶺線(假日行駛),去程,3,玉田里,23.12648,120.46543
梅嶺線(假日行駛),去程,4,後旦,23.12912,120.46844
梅嶺線(假日行駛),去程,5,竹圍,23.13366,120.47368
梅嶺線(假日行駛),去程,6,鹿陶廟,23.13843,120.47976
梅嶺線(假日行駛),去程,7,鹿陶,23.14219,120.48221
梅嶺線(假日行駛),去程,8,埔頭子,23.14667,120.48449
梅嶺線(假日行駛),去程,9,大林路口,23.15222,120.4871
梅嶺線(假日行駛),去程,10,鹿陶洋,23.15661,120.48916
梅嶺線(假日行駛),去程,11,東西煙,23.15974,120.48958
梅嶺線(假日行駛),去程,12,油車,23.16579,120.48948
梅嶺線(假日行駛),去程,13,楠西橋,23.16887,120.48856
梅嶺線(假日行駛),去程,14,楠西區圖書館,23.17247,120.48718
梅嶺線(假日行駛),去程,15,楠西區公所,23.17394,120.48663
梅嶺線(假日行駛),去程,16,楠西街,23.17623,120.48596
梅嶺線(假日行駛),去程,17,楠西區東勢里,23.17796,120.48678
梅嶺線(假日行駛),去程,18,楠西,23.17964,120.48436
梅嶺線(假日行駛),去程,19,台電楠西服務所,23.17975,120.48871
梅嶺線(假日行駛),去程,20,茄拔路口,23.17447,120.48948
梅嶺線(假日行駛),去程,21,內埔,23.17555,120.50268
梅嶺線(假日行駛),去程,22,關帝廳,23.17677,120.50861
梅嶺線(假日行駛),去程,23,香蕉市,23.17699,120.51143
梅嶺線(假日行駛),去程,24,中山堂,23.18015,120.51765
梅嶺線(假日行駛),去程,25,灣丘,23.18118,120.52777
梅嶺線(假日行駛),去程,26,土地公廟,23.18393,120.52993
梅嶺線(假日行駛),去程,27,梅嶺資訊站,23.18492,120.53331
梅嶺線(假日行駛),去程,28,香蕉山,23.18311,120.53624
梅嶺線(假日行駛),去程,29,北勢仔,23.18268,120.53893
梅嶺線(假日行駛),去程,30,下井仔湖,23.17983,120.54572
梅嶺線(假日行駛),去程,31,上井仔湖,23.18034,120.55194
梅嶺線(假日行駛),去程,32,二層坪,23.18259,120.55494
梅嶺線(假日行駛),去程,33,梅嶺,23.18186,120.55777
梅嶺線(假日行駛),回程,1,梅嶺,23.18186,120.55777
梅嶺線(假日行駛),回程,2,二層坪,23.18259,120.55494
梅嶺線(假日行駛),回程,3,樟湖(單邊設站),NULL,NULL
梅嶺線(假日行駛),回程,4,上井仔湖,23.18034,120.55194
梅嶺線(假日行駛),回程,5,下井仔湖,23.17983,120.54572
梅嶺線(假日行駛),回程,6,北勢仔,23.18268,120.53893
梅嶺線(假日行駛),回程,7,香蕉山,23.18311,120.53624
梅嶺線(假日行駛),回程,8,梅嶺資訊站,23.18492,120.53331
梅嶺線(假日行駛),回程,9,土地公廟,23.18393,120.52993
梅嶺線(假日行駛),回程,10,灣丘,23.18118,120.52777
梅嶺線(假日行駛),回程,11,中山堂,23.18015,120.51765
梅嶺線(假日行駛),回程,12,香蕉市,23.17699,120.51143
梅嶺線(假日行駛),回程,13,關帝廳,23.17677,120.50861
梅嶺線(假日行駛),回程,14,內埔,23.17555,120.50268
梅嶺線(假日行駛),回程,15,茄拔路口,23.17447,120.48948
梅嶺線(假日行駛),回程,16,台電楠西服務所,23.17975,120.48871
梅嶺線(假日行駛),回程,17,楠西,23.17964,120.48436
梅嶺線(假日行駛),回程,18,楠西區東勢里,23.17796,120.48678
梅嶺線(假日行駛),回程,19,楠西街,23.17623,120.48596
梅嶺線(假日行駛),回程,20,楠西區公所,23.17394,120.48663
梅嶺線(假日行駛),回程,21,楠西區圖書館,23.17247,120.48718
梅嶺線(假日行駛),回程,22,楠西橋,23.16887,120.48856
梅嶺線(假日行駛),回程,23,油車,23.16579,120.48948
梅嶺線(假日行駛),回程,24,東西煙,23.15974,120.48958
梅嶺線(假日行駛),回程,25,鹿陶洋,23.15661,120.48916
梅嶺線(假日行駛),回程,26,大林路口,23.15222,120.4871
梅嶺線(假日行駛),回程,27,埔頭子,23.14667,120.48449
梅嶺線(假日行駛),回程,28,鹿陶,23.14219,120.48221
梅嶺線(假日行駛),回程,29,鹿陶廟,23.13843,120.47976
梅嶺線(假日行駛),回程,30,竹圍,23.13366,120.47368
梅嶺線(假日行駛),回程,31,後旦,23.12912,120.46844
梅嶺線(假日行駛),回程,32,玉田里,23.12648,120.46543
梅嶺線(假日行駛),回程,33,玉安街口,23.12568,120.46398
梅嶺線(假日行駛),回程,34,玉井站,23.12395,120.46046
G線-金門大橋烈嶼線(週六、日行駛),去程,1,金城車站,24.43311591,118.3201185
G線-金門大橋烈嶼線(週六、日行駛),去程,2,金門大橋 (湖下端下車導覽),24.45272,118.30641
G線-金門大橋烈嶼線(週六、日行駛),去程,3,勇士堡鐵漢堡,24.44651,118.25408
G線-金門大橋烈嶼線(週六、日行駛),去程,4,湖井頭戰史館,24.44652,118.23178
G線-金門大橋烈嶼線(週六、日行駛),去程,5,雙口海灘 ,24.43911,118.22946
G線-金門大橋烈嶼線(週六、日行駛),去程,6,沙溪堡,24.41104,118.21563
G線-金門大橋烈嶼線(週六、日行駛),去程,7,后麟步槍模擬射擊館,24.43929,118.2593
G線-金門大橋烈嶼線(週六、日行駛),去程,8,金城車站,24.43311591,118.3201185
媽宮澎南線(郵輪式公車),去程,1,馬公港站,23.56338612,119.5648721
媽宮澎南線(郵輪式公車),去程,2,公車總站,23.5675654,119.5645055
媽宮澎南線(郵輪式公車),去程,3,自由塔站,23.57026992,119.5713737
媽宮澎南線(郵輪式公車),去程,4,第三漁港(雅霖)站,23.56969675,119.5731098
媽宮澎南線(郵輪式公車),去程,5,元泰、百世多麗站,23.56370282,119.5838344
媽宮澎南線(郵輪式公車),去程,6,風櫃洞,23.5398396,119.5452002
媽宮澎南線(郵輪式公車),去程,8,澎湖縣水產種苗繁殖場,23.5206354,119.5734848
媽宮澎南線(郵輪式公車),去程,9,山水沙灘(30高地),23.51238496,119.5851226
媽宮澎南線(郵輪式公車),去程,11,鎖港子午塔,23.52358577,119.6022784
媽宮澎南線(郵輪式公車),去程,13,元泰、百世多麗站,23.56370282,119.5838344
媽宮澎南線(郵輪式公車),去程,14,第三漁港(雅霖)站,23.56969675,119.5731098
媽宮澎南線(郵輪式公車),去程,15,自由塔站,23.57026992,119.5713737
媽宮澎南線(郵輪式公車),去程,16,公車總站,23.5675654,119.5645055
媽宮澎南線(郵輪式公車),去程,17,馬公港站,23.56338612,119.5648721
太平線(假日行駛),去程,1,大林轉運站(臺鐵大林站),23.60086,120.45689
太平線(假日行駛),去程,2,大埔美園區服務中心,23.59767,120.51407
太平線(假日行駛),去程,3,佐登妮絲城堡,23.58438,120.50711
太平線(假日行駛),去程,4,老楊方城市,23.58349,120.51029
太平線(假日行駛),去程,5,梅山新社區(梅問屋梅子元氣館),23.58698,120.55087
太平線(假日行駛),去程,6,梅山,23.57892,120.55701
太平線(假日行駛),去程,7,太平雲梯,23.56058,120.60303
太平線(假日行駛),回程,1,太平雲梯,23.56058,120.60303
太平線(假日行駛),回程,2,梅山,23.57892,120.55701
太平線(假日行駛),回程,3,梅山新社區(梅問屋梅子元氣館),23.58698,120.55087
太平線(假日行駛),回程,4,老楊方城市,23.58349,120.51029
太平線(假日行駛),回程,5,佐登妮絲城堡,23.58438,120.50711
太平線(假日行駛),回程,6,大埔美園區服務中心,23.59767,120.51407
太平線(假日行駛),回程,7,大林轉運站(臺鐵大林站),23.60086,120.45689
墾丁機場快線,去程,1,自立站,22.64473,120.29639
墾丁機場快線,去程,2,建國站,22.63777,120.30038
墾丁機場快線,去程,3,高雄國際航空站,22.57062,120.34401
墾丁機場快線,去程,4,捷運小港站,22.56481,120.35363
墾丁機場快線,去程,5,林園麥當勞,22.49993007,120.392729
墾丁機場快線,去程,6,東琉線碼頭站,22.46846,120.44519
墾丁機場快線,去程,7,東港轉運站,22.46463,120.45768
墾丁機場快線,去程,8,枋寮站,22.3676,120.59393
墾丁機場快線,去程,9,車城農會,22.07237,120.71391
墾丁機場快線,去程,10,海生館轉乘站,22.0531,120.72202
墾丁機場快線,去程,11,恆春轉運站,22.00275,120.74491
墾丁機場快線,去程,12,南灣,21.96064,120.76378
墾丁機場快線,去程,13,墾丁牌樓,21.94589,120.79411
墾丁機場快線,去程,14,墾丁派出所,21.94503,120.79936
墾丁機場快線,去程,15,小灣,21.94167,120.80528
墾丁機場快線,回程,1,小灣,21.94185,120.80545
墾丁機場快線,回程,2,墾丁派出所,21.94472,120.8002
墾丁機場快線,回程,3,墾丁牌樓,21.94593,120.79353
墾丁機場快線,回程,4,南灣,21.96002,120.7649
墾丁機場快線,回程,5,恆春轉運站,22.00239,120.74526
墾丁機場快線,回程,6,海生館轉乘站,22.05315,120.72228
墾丁機場快線,回程,7,車城農會,22.07173,120.71403
墾丁機場快線,回程,8,枋寮站,22.36719,120.59435
墾丁機場快線,回程,9,東港轉運站,22.46463,120.45768
墾丁機場快線,回程,10,東琉線碼頭站,22.46846,120.44519
墾丁機場快線,回程,11,林園麥當勞,22.49993007,120.392729
墾丁機場快線,回程,12,捷運小港站,22.56481,120.35363
墾丁機場快線,回程,13,高雄國際航空站,22.57062,120.34401
墾丁機場快線,回程,14,建國站,22.63795,120.29984
墾丁機場快線,回程,15,自立站,22.64564,120.29658
大雪山線,去程,1,豐原轉運中心(第二月台),24.25436701,120.7241583
大雪山線,去程,2,石岡水壩,24.27812,120.76675
大雪山線,去程,3,石岡區公所,24.27492,120.78074
大雪山線,去程,4,情人木橋,24.27386,120.788737
大雪山線,去程,5,下土牛,24.26608,120.806917
大雪山線,去程,6,鯉魚伯公公園,24.2553,120.825255
大雪山線,去程,7,東勢河濱公園,24.25261,120.82659
大雪山線,去程,8,大雪山後門,24.244927,120.837073
大雪山線,去程,9,楊桃樹腳,24.23667,120.878173
大雪山線,去程,10,上小南坑,24.22958,120.878775
大雪山線,去程,11,(大雪山賞鳥協會)八公里,24.2189,120.879258
大雪山線,去程,12,大南坑,24.21429,120.882652
大雪山線,去程,13,十里坡生態莊園,24.21677,120.889612
大雪山線,去程,14,十三公里,24.22591,120.895963
大雪山線,去程,15,出雲山莊,24.22686982,120.8941043
大雪山線,去程,16,橫流溪,24.24073,120.907027
大雪山線,去程,17,長壽山,24.24459,120.922649
大雪山線,去程,18,賞鳥平台(二十三公里),24.24657,120.935214
大雪山線,去程,19,橫嶺山步道,24.23698,120.949768
大雪山線,去程,20,鳶嘴山登山口,24.23444,120.953271
大雪山線,去程,21,收費站(三十五公里),24.24472,120.975009
大雪山線,去程,22,遊客中心,24.25611,121.008118
大雪山線,去程,23,小雪山旅遊資訊站,24.27922,121.026199
大雪山線,回程,1,小雪山旅遊資訊站,24.27922,121.026199
大雪山線,回程,2,大雪山遊客中心,24.25611,121.008118
大雪山線,回程,3,收費站(三十五公里),24.24472,120.975009
大雪山線,回程,4,鳶嘴山登山口,24.23444,120.953271
大雪山線,回程,5,橫嶺山步道,24.23698,120.949768
大雪山線,回程,6,賞鳥平台,24.24657,120.935214
大雪山線,回程,7,長壽山,24.24459,120.922649
大雪山線,回程,8,橫流溪,24.24073,120.907027
大雪山線,回程,9,出雲山莊,24.22686982,120.8941043
大雪山線,回程,10,十三公里,24.22591,120.895963
大雪山線,回程,11,十里坡生態莊園,24.21677,120.889612
大雪山線,回程,12,大南坑,24.21429,120.882652
大雪山線,回程,13,(大雪山賞鳥協會)八公里,24.2189,120.879258
大雪山線,回程,14,上小南坑,24.22958,120.878775
大雪山線,回程,15,楊桃樹腳,24.23667,120.878173
大雪山線,回程,16,大雪山後門,24.244927,120.837073
大雪山線,回程,17,東勢河濱公園,24.25261,120.82659
大雪山線,回程,18,下土牛,24.26608,120.806917
大雪山線,回程,19,情人木橋,24.27386,120.788737
大雪山線,回程,20,石岡區公所,24.27492,120.78074
大雪山線,回程,21,石岡水壩,24.27812,120.76675
大雪山線,回程,22,豐原轉運中心,24.25436701,120.7241583
九份金瓜石線,去程,1,捷運府中站,25.00909585,121.458471
九份金瓜石線,去程,2,板橋公車站,25.01280572,121.4625096
九份金瓜石線,去程,3,萬華車站,25.0330903,121.4986257
九份金瓜石線,去程,4,捷運西門站,25.0400468,121.5077652
九份金瓜石線,去程,5,中華路北站,25.04583913,121.5094522
九份金瓜石線,去程,6,捷運北門站,25.0493519,121.5097422
九份金瓜石線,去程,7,區民廣場,25.1075672,121.8076913
九份金瓜石線,去程,8,流籠腳,25.10948844,121.8263094
九份金瓜石線,去程,9,九份派出所,25.109649,121.84097
九份金瓜石線,去程,10,九份老街,25.1102508,121.8451638
九份金瓜石線,去程,11,金瓜石｜黃金博物館,25.1085762,121.8552538
九份金瓜石線,回程,1,金瓜石｜黃金博物館,25.1085762,121.8552538
九份金瓜石線,回程,2,九份老街,25.1103582,121.8453688
九份金瓜石線,回程,3,九份派出所,25.109649,121.84097
九份金瓜石線,回程,4,流籠腳,25.10948844,121.8263094
九份金瓜石線,回程,5,區民廣場,25.1077327,121.8073484
九份金瓜石線,回程,6,瑞芳火車站,25.1082739,121.8053944
九份金瓜石線,回程,7,捷運北門站,25.0490233,121.5096938
九份金瓜石線,回程,8,中華路北站,25.04583913,121.5094522
九份金瓜石線,回程,9,捷運西門站,25.0415756,121.5076172
九份金瓜石線,回程,10,萬華車站,25.0330903,121.4986257
九份金瓜石線,回程,11,板橋公車站,25.01280572,121.4625096
九份金瓜石線,回程,12,捷運府中站,25.00909585,121.458471
澎湖空港快線,去程,1,馬公港,23.56282,119.56507
澎湖空港快線,去程,2,公車總站,23.56739041,119.5642742
澎湖空港快線,去程,3,開拓館 (澎湖縣政府)站,23.56955,119.56752
澎湖空港快線,去程,4,北辰市場 (勝國)站,23.57009,119.57122
澎湖空港快線,去程,5,南海遊客中心 (澎澄、雅霖)站,23.567616,119.573067
澎湖空港快線,去程,6,國際廣場 (福朋喜來登)站,23.567944,119.575311
澎湖空港快線,去程,7,元泰、百世多麗站,23.5632188,119.5838794
澎湖空港快線,去程,8,澎湖遊客中心,23.55525865,119.6065189
澎湖空港快線,去程,9,澎湖機場站,23.55983158,119.6295303
澎湖空港快線,回程,1,澎湖機場站,23.55983158,119.6295303
澎湖空港快線,回程,2,澎湖遊客中心,23.55540142,119.6066334
澎湖空港快線,回程,3,元泰、百世多麗站,23.56342559,119.583892
澎湖空港快線,回程,4,國際廣場 (福朋喜來登)站,23.567944,119.575311
澎湖空港快線,回程,5,南海遊客中心 (澎澄、雅霖)站,23.567616,119.573067
澎湖空港快線,回程,6,北辰市場 (勝國)站,23.56981,119.57128
澎湖空港快線,回程,7,開拓館 (澎湖縣政府)站,23.56955,119.56752
澎湖空港快線,回程,8,公車總站,23.56769,119.56463
澎湖空港快線,回程,9,馬公港,23.56282,119.56507
北港溪線,去程,1,高鐵臺中站,24.110958,120.616078
北港溪線,去程,2,草屯,23.9762,120.6837
北港溪線,去程,3,工藝中心,23.979786,120.691828
北港溪線,去程,4,九九峰動物樂園,23.962496,120.707576
北港溪線,去程,5,下坪林,23.98632,120.760298
北港溪線,去程,6,福龜旅遊中心,24.019699,120.823159
北港溪線,去程,7,柑子林,24.02546,120.845261
北港溪線,去程,8,國姓,24.03996,120.85555
北港溪線,去程,9,埔尾,24.0619216,120.8872146
北港溪線,去程,10,橋頭,24.05815,120.90705
北港溪線,去程,11,北港溪溫泉,24.06205,120.93391
北港溪線,去程,12,泰雅渡假村,24.06647,120.94083
北港溪線,回程,1,泰雅渡假村,24.06671,120.94103
北港溪線,回程,2,北港溪溫泉,24.06215,120.93378
北港溪線,回程,3,橋頭,24.05833039,120.9070061
北港溪線,回程,4,埔尾,24.062,120.88722
北港溪線,回程,5,國姓,24.04005,120.85549
北港溪線,回程,6,柑子林,24.0256682,120.8451365
北港溪線,回程,7,福龜旅遊中心,24.01969,120.82296
北港溪線,回程,8,下坪林,23.9865627,120.7608411
北港溪線,回程,9,九九峰動物樂園,23.962496,120.707576
北港溪線,回程,10,工藝中心,23.979877,120.691484
北港溪線,回程,11,草屯,23.97619,120.68391
北港溪線,回程,12,高鐵臺中站,24.110958,120.616078
八卦山線-台中出發,去程,1,高鐵臺中站,24.11184,120.61694
八卦山線-台中出發,去程,2,中學路,23.94711,120.6929
八卦山線-台中出發,去程,3,人力學院(省訓團),23.93774,120.70105
八卦山線-台中出發,去程,4,中興國中,23.93179,120.6935
八卦山線-台中出發,去程,5,南投,23.905461,120.688751
八卦山線-台中出發,去程,6,南投戲院,23.90799,120.68803
八卦山線-台中出發,去程,7,台灣麻糬主題館,23.92274,120.66905
八卦山線-台中出發,去程,8,樹德半山夢工廠,23.91744,120.65598
八卦山線-台中出發,去程,9,猴探井,23.90873,120.63693
八卦山線-台中出發,去程,10,橫山賞鷹平台,23.89325,120.63536
八卦山線-台中出發,去程,11,受天宮,23.83283,120.63064
八卦山線-台中出發,回程,1,受天宮,23.83283,120.63064
八卦山線-台中出發,回程,2,橫山賞鷹平台,23.89325,120.63536
八卦山線-台中出發,回程,3,猴探井,23.90873,120.63693
八卦山線-台中出發,回程,4,樹德半山夢工廠,23.91744,120.65598
八卦山線-台中出發,回程,5,台灣麻糬主題館,23.92274,120.66905
八卦山線-台中出發,回程,6,南投戲院,23.90799,120.68803
八卦山線-台中出發,回程,7,南投,23.905461,120.688751
八卦山線-台中出發,回程,8,中興國中,23.93179,120.6935
八卦山線-台中出發,回程,9,人力學院(省訓團),23.93774,120.70105
八卦山線-台中出發,回程,10,中學路,23.94711,120.6929
八卦山線-台中出發,回程,11,高鐵臺中站,24.11184,120.61694
八卦山線-彰化出發,去程,1,南投,23.90557,120.68875
八卦山線-彰化出發,去程,2,鄉公所,23.837714,120.70301
八卦山線-彰化出發,去程,3,十字路,23.84856,120.66859
八卦山線-彰化出發,去程,4,松柏嶺,23.8351012,120.6346092
八卦山線-彰化出發,去程,5,田中火車站,23.857881,120.590792
八卦山線-彰化出發,去程,6,高鐵彰化站,23.874738,120.575117
八卦山線-彰化出發,回程,1,高鐵彰化站,23.874738,120.575117
八卦山線-彰化出發,回程,2,田中火車站,23.85794,120.59058
八卦山線-彰化出發,回程,3,松柏嶺,23.8349145,120.6346269
八卦山線-彰化出發,回程,4,十字路,23.848412,120.668592
八卦山線-彰化出發,回程,5,鄉公所,23.838241,120.702734
八卦山線-彰化出發,回程,6,南投,23.90557,120.68875
溪頭線-台中出發(經霧峰),去程,1,干城站,24.14193,120.68576
溪頭線-台中出發(經霧峰),去程,2,第三市場,24.13299,120.68351
溪頭線-台中出發(經霧峰),去程,3,省農會,24.11238,120.68977
溪頭線-台中出發(經霧峰),去程,4, 大里仁愛醫院,24.10865,120.67976
溪頭線-台中出發(經霧峰),去程,5,青年高中,24.0898,120.69363
溪頭線-台中出發(經霧峰),去程,6,霧峰農工,24.07309,120.69963
溪頭線-台中出發(經霧峰),去程,7,霧峰,24.0641,120.69847
溪頭線-台中出發(經霧峰),去程,8,省議會,24.05528,120.69657
溪頭線-台中出發(經霧峰),去程,9,車籠埔斷層保存園區,23.79429,120.71121
溪頭線-台中出發(經霧峰),去程,10,竹山交流道,23.79357,120.70979
溪頭線-台中出發(經霧峰),去程,11,竹山工業區,23.86833,120.70462
溪頭線-台中出發(經霧峰),去程,12,初鄉,23.76527,120.73524
溪頭線-台中出發(經霧峰),去程,13,中興茶園,23.75261,120.74657
溪頭線-台中出發(經霧峰),去程,14,鹿彰,23.7457,120.75229
溪頭線-台中出發(經霧峰),去程,15,鹿谷鄉農會,23.74136,120.75716
溪頭線-台中出發(經霧峰),去程,16,廣興(南投),23.73831511,120.7612267
溪頭線-台中出發(經霧峰),去程,17,內湖,23.72036,120.7782
溪頭線-台中出發(經霧峰),去程,18,內湖國小,23.71271,120.78026
溪頭線-台中出發(經霧峰),去程,19,崩崁頂,23.69556,120.78538
溪頭線-台中出發(經霧峰),去程,20,彎坑,23.68873,120.79084
溪頭線-台中出發(經霧峰),去程,21,米堤,23.68563,120.79343
溪頭線-台中出發(經霧峰),去程,22,下溪頭,23.67867,120.79449
溪頭線-台中出發(經霧峰),去程,23,溪頭,23.67304,120.79565
溪頭線-台中出發(經霧峰),回程,1,溪頭,23.67304,120.79565
溪頭線-台中出發(經霧峰),回程,2,下溪頭,23.67867,120.79449
溪頭線-台中出發(經霧峰),回程,3,米堤,23.68559,120.79352
溪頭線-台中出發(經霧峰),回程,4,彎坑,23.68877,120.79094
溪頭線-台中出發(經霧峰),回程,5,崩崁頂,23.69552,120.78561
溪頭線-台中出發(經霧峰),回程,6,內湖國小,23.71262,120.78045
溪頭線-台中出發(經霧峰),回程,7,內湖,23.71996,120.77865
溪頭線-台中出發(經霧峰),回程,8,廣興(南投),23.73831511,120.7612267
溪頭線-台中出發(經霧峰),回程,9,鹿谷鄉農會,23.74142,120.75735
溪頭線-台中出發(經霧峰),回程,10,鹿彰,23.74581,120.75234
溪頭線-台中出發(經霧峰),回程,11,中興茶園,23.75294,120.74637
溪頭線-台中出發(經霧峰),回程,12,初鄉,23.76576,120.73516
溪頭線-台中出發(經霧峰),回程,13,竹山工業區,23.76812,120.70469
溪頭線-台中出發(經霧峰),回程,14,竹山交流道,23.79257,120.70943
溪頭線-台中出發(經霧峰),回程,15,車籠埔斷層保存園區,23.79429,120.71121
溪頭線-台中出發(經霧峰),回程,16,省議會,24.05514,120.6969
溪頭線-台中出發(經霧峰),回程,17,霧峰,24.06378,120.69867
溪頭線-台中出發(經霧峰),回程,18,霧峰農工,24.07282,120.69982
溪頭線-台中出發(經霧峰),回程,19,青年高中,24.08979,120.69425
溪頭線-台中出發(經霧峰),回程,20, 大里仁愛醫院,24.1094,120.68057
溪頭線-台中出發(經霧峰),回程,21,省農會,24.11259,120.69013
溪頭線-台中出發(經霧峰),回程,22,第三市場,24.13304,120.68378
溪頭線-台中出發(經霧峰),回程,23,干城站,24.14193,120.68576
98府城台江線,去程,1,臺南轉運站,23.0017,120.20901
98府城台江線,去程,2,成功路,22.99785744,120.2078823
98府城台江線,去程,3,臺南火車站(南站),22.997064,120.211194
98府城台江線,去程,4,延平郡王祠(府前路),22.989026,120.20608
98府城台江線,去程,5,建興國中(府前路),22.989026,120.20608
98府城台江線,去程,6,林百貨/鄭成功祖廟,22.98923,120.20424
98府城台江線,去程,7,赤崁樓,22.992624,120.20292
98府城台江線,去程,8,中正商圈(台灣好行),22.993244,120.196827
98府城台江線,去程,9,億載金城,22.98912,120.1603067
98府城台江線,去程,10,原住民文化會館,22.995733,120.163897
98府城台江線,去程,11,延平街,23.00059,120.16434
98府城台江線,去程,12,安平蚵灰窯文化館,23.002427,120.164279
98府城台江線,去程,13,安平古堡(安北路),23.00284639,120.1604909
98府城台江線,去程,14,德記洋行/安平樹屋,23.0023,120.1583
98府城台江線,去程,15,古運河(福爾摩沙遊艇酒店),23.00048707,120.1542283
98府城台江線,去程,16,大員皇冠假日酒店(安北路),22.998659,120.150073
98府城台江線,去程,17,觀夕平臺,22.99064,120.14705
98府城台江線,去程,18,台江國家公園管理處,23.003259,120.13564
98府城台江線,去程,19,四草生態文化園區(大眾廟),23.019243,120.134731
98府城台江線,去程,20,四草野生動物保護園區,23.025908,120.141628
98府城台江線,去程,21,鹿耳門天后宮(鹿耳門橋),23.0366,120.12832
98府城台江線,去程,22,聖母廟(城安路),23.066506,120.127896
98府城台江線,去程,23,龍山里,23.13818,120.11368
98府城台江線,去程,24,臺灣鹽博物館,23.154757,120.104995
98府城台江線,去程,25,七股鹽山,23.15295,120.09897
98府城台江線,回程,1,七股鹽山,23.15295,120.09897
98府城台江線,回程,2,臺灣鹽博物館,23.154757,120.104995
98府城台江線,回程,3,龍山里,23.13818,120.11368
98府城台江線,回程,4,聖母廟(城安路),23.066506,120.127896
98府城台江線,回程,5,鹿耳門天后宮(鹿耳門橋),23.0366,120.12832
98府城台江線,回程,6,四草野生動物保護園區,23.025908,120.141628
98府城台江線,回程,7,四草生態文化園區(大眾廟),23.019243,120.134731
98府城台江線,回程,8,台江國家公園管理處,23.003259,120.13564
98府城台江線,回程,9,觀夕平臺,22.99064,120.14705
98府城台江線,回程,10,大員皇冠假日酒店(安北路),22.998659,120.150073
98府城台江線,回程,11,古運河(福爾摩沙遊艇酒店),23.00031163,120.1542587
98府城台江線,回程,12,德記洋行/安平樹屋,23.0023,120.1583
98府城台江線,回程,13,安平古堡(安北路),23.00284639,120.1604909
98府城台江線,回程,14,延平街,23.00059,120.16434
98府城台江線,回程,15,原住民文化會館,22.995733,120.163897
98府城台江線,回程,16,億載金城,22.98912,120.1603067
98府城台江線,回程,17,中正商圈(台灣好行),22.993244,120.196827
98府城台江線,回程,18,赤崁樓,22.992624,120.20292
98府城台江線,回程,19,林百貨/鄭成功祖廟,22.98923,120.20424
98府城台江線,回程,20,建興國中(府前路),22.989026,120.20608
98府城台江線,回程,21,延平郡王祠(府前路),22.989026,120.20608
98府城台江線,回程,22,臺南火車站(北站),22.997064,120.211194
98府城台江線,回程,23,成功路,22.99785744,120.2078823
98府城台江線,回程,24,臺南轉運站,23.0017,120.20901
111臺南小港機場線,去程,1,小西門(西門路),22.98889093,120.1977516
111臺南小港機場線,去程,2,臺南轉運站,23.00191506,120.2095035
111臺南小港機場線,去程,3,香格里拉飯店,22.99664225,120.2151018
111臺南小港機場線,去程,4,巴克禮公園/台糖長榮酒店,22.97409487,120.2221371
111臺南小港機場線,去程,5,高雄國際航空站,22.57146099,120.3435461
111臺南小港機場線,回程,1,高雄國際航空站,22.57146099,120.3435461
111臺南小港機場線,回程,2,巴克禮公園/台糖長榮酒店,22.97409487,120.2221371
111臺南小港機場線,回程,3,香格里拉飯店,22.99664225,120.2151018
111臺南小港機場線,回程,4,臺南轉運站,23.00191506,120.2095035
111臺南小港機場線,回程,5,小西門(西門路),22.98889093,120.1977516
雲西線,去程,1,北港武德宮,23.5813,120.29878
雲西線,去程,2,北港春生活博物館,23.591652,120.293235
雲西線,去程,3,黃金蝙蝠生態館,23.620157,120.260846
雲西線,去程,4,戰水鯨湖廣場,23.574631,120.151171
雲西線,去程,5,成龍溼地,23.557209,120.167648
雲西線,去程,6,口湖遊客中心,23.54834,120.182235
雲西線,去程,7,顏厝寮聚落,23.570847,120.255911
雲西線,去程,8,北港1911 好庫文化產業園區,23.566134,120.295967
雲西線,去程,9,北港遊客中心,23.569271,120.305374
雲西線,去程,10,北港水道頭文化園區,23.564281,120.305489
雲西線,去程,11,高鐵嘉義站,23.45866,120.322916
雲西線,回程,1,高鐵嘉義站,23.45866,120.322916
雲西線,回程,2,北港水道頭文化園區,23.564296,120.305258
雲西線,回程,3,北港遊客中心,23.569136,120.305 231
雲西線,回程,4,北港1911 好庫文化產業園區,23.566513,120.296428
雲西線,回程,5,顏厝寮聚落,23.570815,120.255932
雲西線,回程,6,口湖遊客中心,23.54834,120.182235
雲西線,回程,7,成龍溼地,23.557559,120.167806
雲西線,回程,8,戰水鯨湖廣場,23.574633,120.15163
雲西線,回程,9,黃金蝙蝠生態館,23.619962,120.26081
雲西線,回程,10,北港春生活博物館,23.591633,120.293203
雲西線,回程,11,北港武德宮,23.5813,120.29878
臺中活力海洋線,去程,1,新政大安港路口,24.350057,120.613808
臺中活力海洋線,去程,2,文昌祠,24.34726,120.622856
臺中活力海洋線,去程,3,大甲車站(中山路),24.344614,120.626643
臺中活力海洋線,去程,4,番子寮,24.33171,120.613018
臺中活力海洋線,去程,5,甲南,24.304798,120.600778
臺中活力海洋線,去程,6,高美濕地(三順路),24.29927,120.54721
臺中活力海洋線,去程,7,18號風車,24.303815,120.544701
臺中活力海洋線,去程,8,9號風車,24.311936,120.530098
臺中活力海洋線,去程,9,台中海洋館,24.295917,120.520239
臺中活力海洋線,去程,10,梧棲觀光漁港1,24.295302,120.522093
臺中活力海洋線,去程,11,舶來品商圈,24.27162354,120.5322933
臺中活力海洋線,去程,12,臺中港旅客服務中心,24.260059,120.521613
臺中活力海洋線,去程,13,下寮里,24.260762,120.530329
臺中活力海洋線,去程,14,下寮社區,24.258607,120.530107
臺中活力海洋線,去程,15,梧棲郵局,24.25755843,120.5298686
臺中活力海洋線,去程,16,梧棲(朝元宮),24.256606,120.529535
臺中活力海洋線,去程,17,安仁里,24.25366,120.5286
臺中活力海洋線,去程,18,大庄(浩天宮),24.248972,120.538996
臺中活力海洋線,去程,19,童綜合醫院(梧棲院區),24.24762975,120.5426037
臺中活力海洋線,去程,20,臺灣大道中山路口,24.24064,120.561199
臺中活力海洋線,去程,21,臺中國際機場,24.25329,120.59881
臺中活力海洋線,回程,1,臺中國際機場,24.25329,120.59881
臺中活力海洋線,回程,2,臺灣大道中山路口,24.24064,120.561199
臺中活力海洋線,回程,3,童綜合醫院(梧棲院區),24.24762975,120.5426037
臺中活力海洋線,回程,4,大庄(浩天宮),24.248972,120.538996
臺中活力海洋線,回程,5,安仁里,24.25366,120.5286
臺中活力海洋線,回程,6,梧棲(朝元宮),24.256606,120.529535
臺中活力海洋線,回程,7,梧棲郵局,24.25755843,120.5298686
臺中活力海洋線,回程,8,下寮社區,24.258607,120.530107
臺中活力海洋線,回程,9,下寮里,24.260762,120.530329
臺中活力海洋線,回程,10,臺中港旅客服務中心,24.260059,120.521613
臺中活力海洋線,回程,11,舶來品商圈,24.27162354,120.5322933
臺中活力海洋線,回程,12,梧棲觀光漁港1,24.295302,120.522093
臺中活力海洋線,回程,13,台中海洋館,24.295917,120.520239
臺中活力海洋線,回程,14,9號風車,24.311936,120.530098
臺中活力海洋線,回程,15,18號風車,24.303815,120.544701
臺中活力海洋線,回程,16,高美濕地(三順路),24.29927,120.54721
臺中活力海洋線,回程,17,甲南,24.304798,120.600778
臺中活力海洋線,回程,18,番子寮,24.33171,120.613018
臺中活力海洋線,回程,19,大甲車站(中山路),24.344614,120.626643
臺中活力海洋線,回程,20,文昌祠,24.34726,120.622856
臺中活力海洋線,回程,21,新政大安港路口,24.350057,120.613808
